keyframe_id,timestamp_ns,timestamp_sec,map_frame,lidar_tx,lidar_ty,lidar_tz,lidar_qx,lidar_qy,lidar_qz,lidar_qw,lidar_cloud_file,point_count
0,1788253577597014784,1788253577.597014666,map,-0.01163617833644,-0.022786255258445715,0.04477306090001091,-0.006007235113735872,-0.006046828212335279,-9.69847664193592e-07,0.9999636738371641,keyframes_lidar/keyframe_000000.pcd,3434
1,1788253582697161472,1788253582.697161436,map,-0.013209323435344474,-0.023773255644376916,0.04310452174751562,-0.005242492661951293,-0.007062350765923617,-0.0005685012019547184,0.9999611573849916,keyframes_lidar/keyframe_000001.pcd,3437
2,1788253587796982528,1788253587.796982527,map,-0.014175123097195135,-0.023457432098810904,0.04302834031373235,-0.005174722105461382,-0.007259905051407472,-0.00046447559748645,0.9999601493520606,keyframes_lidar/keyframe_000002.pcd,3475
3,1788253592897414144,1788253592.897414207,map,-0.015033375039225493,-0.023276337906274824,0.043216109162032765,-0.005417685551852899,-0.007002882750527093,-0.0005777753749015417,0.9999606364712862,keyframes_lidar/keyframe_000003.pcd,3454
4,1788253597996888832,1788253597.996888876,map,-0.013153522969776095,-0.023474167858095606,0.04450048307990401,-0.005459969903909032,-0.006985669095141973,-0.0003125475868740762,0.9999606449605642,keyframes_lidar/keyframe_000004.pcd,3455
5,1788253603096734464,1788253603.096734524,map,-0.014192212990563615,-0.022374579285978937,0.043808943894376944,-0.005278403171842188,-0.007032994970955946,-0.0005810381676200887,0.9999611681642152,keyframes_lidar/keyframe_000005.pcd,3446
6,1788253608096748544,1788253608.096748590,map,-0.014426043080903422,-0.022730166685686736,0.04425182136602527,-0.005480141717659914,-0.006934531586579513,-0.0004453099498429127,0.9999608402419956,keyframes_lidar/keyframe_000006.pcd,3443
7,1788253613098063104,1788253613.098063231,map,-0.015351806238025708,-0.02311017686114157,0.044038558220189025,-0.0053592570380406115,-0.007133400467690045,-0.0006591409865011099,0.9999599784466016,keyframes_lidar/keyframe_000007.pcd,3448
8,1788253618196757504,1788253618.196757555,map,-0.014032293263576835,-0.022748375616054365,0.044112266835232006,-0.0053434010693404815,-0.0069343269852261994,-0.0005526905063417326,0.9999615281136962,keyframes_lidar/keyframe_000008.pcd,3421
9,1788253623297961472,1788253623.297961473,map,-0.01399044830513808,-0.023759768877129706,0.04458563544032865,-0.005386587752378014,-0.006849516333396488,-0.0004306404287150235,0.9999619409493572,keyframes_lidar/keyframe_000009.pcd,3490
10,1788253628397676288,1788253628.397676229,map,-0.014153926198758278,-0.02201225229743777,0.04400891917137209,-0.0053370466157204284,-0.007085947379727495,-0.0008465164903881477,0.9999602935581918,keyframes_lidar/keyframe_000010.pcd,3436
11,1788253633497783808,1788253633.497783899,map,-0.014518963032510846,-0.02247031444078456,0.04384176742412349,-0.005346138043788527,-0.0072092297673650935,-0.0006316659442845424,0.9999595225869461,keyframes_lidar/keyframe_000011.pcd,3431
12,1788253638596529152,1788253638.596529245,map,-0.015103133535515493,-0.022664456096959884,0.04480494188097132,-0.005331375163164291,-0.006952056883098172,-0.0005495511680272864,0.9999614709264941,keyframes_lidar/keyframe_000012.pcd,3440
13,1788253643597769728,1788253643.597769737,map,-0.014328113802311929,-0.022392084966350926,0.044240528010656574,-0.005357017736791821,-0.00710370077079037,-0.0006170496879816326,0.9999602287321279,keyframes_lidar/keyframe_000013.pcd,3493
14,1788253648697516032,1788253648.697515965,map,-0.014175787853935343,-0.022021133136502204,0.044281804815652095,-0.005369695156979873,-0.006929147477967226,-0.0005464885077558631,0.9999614265757759,keyframes_lidar/keyframe_000014.pcd,3434
15,1788253653797531904,1788253653.797531843,map,-0.014485560333580842,-0.02240464302032809,0.043926825580149986,-0.005268428569183186,-0.007047591004674659,-0.00043595245674942005,0.9999611917804099,keyframes_lidar/keyframe_000015.pcd,3438
16,1788253658897093632,1788253658.897093534,map,-0.015085685749255858,-0.020998588802602174,0.04417152606123673,-0.005355611485976134,-0.007101013194703261,-0.0007237185179368866,0.9999601838417002,keyframes_lidar/keyframe_000016.pcd,3463
17,1788253663897541376,1788253663.897541285,map,-0.015254911398931092,-0.02348057638142732,0.043924903296293165,-0.005392352549836343,-0.006921605380252559,-0.0004899991232599046,0.9999613861613846,keyframes_lidar/keyframe_000017.pcd,3492
18,1788253668997362432,1788253668.997362375,map,-0.014399784938889035,-0.02194251748184072,0.043211033306803044,-0.005267311208892734,-0.007117127051294339,-0.0005206963852667786,0.999960664631584,keyframes_lidar/keyframe_000018.pcd,3440
19,1788253673997624576,1788253673.997624636,map,-0.013096584262087903,-0.02257924851513967,0.04406061669015521,-0.005380549812031033,-0.007071393410638541,-0.0004482783854357543,0.9999604212794833,keyframes_lidar/keyframe_000019.pcd,3488
20,1788253679097257984,1788253679.097258091,map,-0.014215729452551607,-0.02297759368459753,0.04389746232485832,-0.005388301260989793,-0.006962828322604045,-0.0005176674675874617,0.9999611078695331,keyframes_lidar/keyframe_000020.pcd,3437
21,1788253684097408256,1788253684.097408295,map,-0.014081431712456316,-0.02205790638519131,0.04422406666271552,-0.00536385539724314,-0.007086776128108497,-0.0005721852680437342,0.9999603388451997,keyframes_lidar/keyframe_000021.pcd,3432
22,1788253689097603584,1788253689.097603559,map,-0.01387613325498919,-0.022106138531927066,0.04418870576450564,-0.005344921007599515,-0.007107086770245647,-0.0006415054014196496,0.9999602540140696,keyframes_lidar/keyframe_000022.pcd,3476
23,1788253694197454336,1788253694.197454214,map,-0.013717324716266945,-0.023053104605259663,0.04443475029862512,-0.005322840205867694,-0.007067508876390693,-0.0005086883384976948,0.9999607286921819,keyframes_lidar/keyframe_000023.pcd,3434
24,1788253699197516288,1788253699.197516203,map,-0.015391638649222918,-0.021256274037219223,0.043832875122181876,-0.005418874080254894,-0.007020174253304507,-0.0005515793148820974,0.9999605235795136,keyframes_lidar/keyframe_000024.pcd,3459
25,1788253704297222912,1788253704.297222853,map,-0.013846219023946678,-0.023025771552199713,0.0444177035682748,-0.005405218261632846,-0.007085523860879393,-0.0005523622111685188,0.9999601361370106,keyframes_lidar/keyframe_000025.pcd,3438
26,1788253709297352704,1788253709.297352791,map,-0.014735662015705439,-0.021576773238527608,0.04330204092007498,-0.0052869424875578545,-0.007167331185694195,-0.0005866744132470123,0.9999601659145932,keyframes_lidar/keyframe_000026.pcd,3443
27,1788253714298109440,1788253714.298109531,map,-0.0146138123709818,-0.02147528865073843,0.04411572720105399,-0.005319615203735076,-0.007070062783751505,-0.0007237538240564589,0.9999605952669937,keyframes_lidar/keyframe_000027.pcd,3435
28,1788253719397444608,1788253719.397444725,map,-0.014301711678375193,-0.022500885376749324,0.04409751340994299,-0.00535678162702394,-0.006959252689650625,-0.0006122532605828396,0.9999612486684407,keyframes_lidar/keyframe_000028.pcd,3460
29,1788253724397739776,1788253724.397739887,map,-0.014819420288770913,-0.022727315071280563,0.04464240202026667,-0.005410446510120772,-0.0071424566526836816,-0.0006199022686657388,0.9999596632378243,keyframes_lidar/keyframe_000029.pcd,3447
30,1788253729496913920,1788253729.496913910,map,-0.014260434370783842,-0.021835112729581295,0.044564677378920566,-0.005331604396195279,-0.006971204320692848,-0.0006645725899521939,0.9999612665739381,keyframes_lidar/keyframe_000030.pcd,3420
31,1788253734597952512,1788253734.597952604,map,-0.014485420603371362,-0.022304385823911275,0.04394970374478708,-0.005321705992398523,-0.007000869035782649,-0.00058761964799468,0.9999611602363482,keyframes_lidar/keyframe_000031.pcd,3475
32,1788253739598125824,1788253739.598125696,map,-0.013730918414029774,-0.022892734685710056,0.043766765516305664,-0.005389582477680595,-0.007016804375210533,-0.0004950330577407128,0.9999607351288091,keyframes_lidar/keyframe_000032.pcd,3501
33,1788253744697775616,1788253744.697775602,map,-0.013164880862933378,-0.02310353306368762,0.04480893627866985,-0.00539563611988601,-0.006924041254498638,-0.00048601207236110996,0.999961353531142,keyframes_lidar/keyframe_000033.pcd,3479
34,1788253749698044928,1788253749.698045015,map,-0.014560451303153697,-0.021543542459546566,0.04363325269664056,-0.0053557246050498775,-0.006970879160808706,-0.0006387595784514249,0.9999611567675424,keyframes_lidar/keyframe_000034.pcd,3499
35,1788253754797257216,1788253754.797257185,map,-0.015036442730326264,-0.02159323726305468,0.04369825588918852,-0.005399568693225601,-0.007085924367314302,-0.00054358044778012,0.9999601686337735,keyframes_lidar/keyframe_000035.pcd,3456
36,1788253759797737472,1788253759.797737360,map,0.00547754267332962,-0.11965998722406981,0.045824526573636205,-0.004888198260950041,-0.006690167336203838,-0.07360185817404157,0.9972532846033166,keyframes_lidar/keyframe_000036.pcd,3494
37,1788253764896816640,1788253764.896816730,map,-0.24825142030894506,0.3239902308811383,0.04011476577934771,-0.00547101130552013,-0.006476062403004668,0.30512689924862185,0.9522739647842783,keyframes_lidar/keyframe_000037.pcd,3267
38,1788253769897467136,1788253769.897467136,map,0.002972541166007814,-0.33861272286360083,0.04645856639417271,-0.004045395787249974,-0.005259294456683079,-0.23008869830880163,0.9731470420780736,keyframes_lidar/keyframe_000038.pcd,3511
39,1788253774897588736,1788253774.897588730,map,-0.18056237389121782,-0.7137511122548609,0.043912345168237256,-0.00037895060828554213,-0.004114084351558234,-0.5112539418127992,0.8594197680337937,keyframes_lidar/keyframe_000039.pcd,3317
40,1788253779997235968,1788253779.997236013,map,-0.3151786877915444,-0.4770448660036058,0.04059212418238828,-0.000763148625912134,-0.003637826002025357,-0.5120171522397547,0.8589671819333062,keyframes_lidar/keyframe_000040.pcd,3334
41,1788253784997439744,1788253784.997439861,map,-0.5205465552948036,-0.3382338538030122,0.03601377869776491,0.0006627110273889599,-0.002925177536738169,-0.5796538683211654,0.8148572863334916,keyframes_lidar/keyframe_000041.pcd,3255
42,1788253789997509120,1788253789.997509241,map,-0.7420535562249789,-0.10994924883671446,0.03410754379018538,0.0014113261535826523,-0.00318853123581414,-0.6550327885872346,0.7555924081822671,keyframes_lidar/keyframe_000042.pcd,3157
43,1788253795097583872,1788253795.097583771,map,-0.7450667584762827,-0.09766526393987719,0.03345799033979112,0.0012717575095103028,-0.0030971824719403136,-0.6557737811152308,0.7549500235746774,keyframes_lidar/keyframe_000043.pcd,3110
44,1788253800197574656,1788253800.197574615,map,-0.7799401075553469,0.12536090820565624,0.03305265687388455,0.0008979188083238952,-0.0029025060997794937,-0.653385062513655,0.7570196359964395,keyframes_lidar/keyframe_000044.pcd,3179
45,1788253805297332992,1788253805.297333002,map,-0.7739975092898017,0.39073471274591765,0.0324134570132248,0.004321628779197766,0.00019985561484659495,-0.6280524695999968,0.7781589676998995,keyframes_lidar/keyframe_000045.pcd,3151
46,1788253810297489152,1788253810.297489166,map,-0.9148516916716296,0.6515764122818257,0.026707631562915966,0.0032372593510685927,-0.0005407002738550529,-0.6688535057744728,0.7433869891303622,keyframes_lidar/keyframe_000046.pcd,3051
47,1788253815397444096,1788253815.397444010,map,-1.016938638451432,1.1865615241362595,0.030757864423552675,-0.00115289867292809,-0.0038394391053071407,-0.6937665229396289,0.7201888232819668,keyframes_lidar/keyframe_000047.pcd,2894
48,1788253820497492480,1788253820.497492552,map,-1.0781587121475515,2.152715724962439,0.02240310107855761,0.006364955452192153,-0.003477060732830522,-0.6973284744763262,0.7167150033836822,keyframes_lidar/keyframe_000048.pcd,2962
49,1788253825597079296,1788253825.597079277,map,-1.123641256880839,3.117030023873078,0.0199684028308385,0.006785144937046404,-0.002137444654261648,-0.6985782840939065,0.7154982698308547,keyframes_lidar/keyframe_000049.pcd,3096
50,1788253830597352448,1788253830.597352505,map,-1.1636093702484709,4.071146987589777,0.02488792527359548,0.004135352719719076,-0.0020559277155473682,-0.6992826524226069,0.7148303603232837,keyframes_lidar/keyframe_000050.pcd,2579
51,1788253835697088000,1788253835.697088003,map,-1.202235018943231,5.0392489866804056,0.02440334336773053,0.0024736103806411477,-0.0006142597775460671,-0.6989169891750745,0.7151982565548237,keyframes_lidar/keyframe_000051.pcd,3125
52,1788253840697127424,1788253840.697127342,map,-1.2440523632330582,5.999579960701339,0.028513298128151295,-0.0015772796542858234,-0.003669659518115373,-0.6991325602106122,0.714980915158767,keyframes_lidar/keyframe_000052.pcd,3094
53,1788253845697634816,1788253845.697634697,map,-1.2853436065790125,6.948096371913442,0.02237488423004203,-0.004090829316606303,-0.0019524198500822302,-0.6990403969064624,0.7150678126339398,keyframes_lidar/keyframe_000053.pcd,3125
54,1788253850797216256,1788253850.797216177,map,-1.3282015344661573,7.922698837662304,0.004952293853954015,-0.003772951258179109,-0.0033051808049212785,-0.6995510197980818,0.7145650504454539,keyframes_lidar/keyframe_000054.pcd,3117
55,1788253855797568512,1788253855.797568560,map,-1.3712895759966524,8.870661613687052,-0.006355907424104586,0.002833497450751569,-0.00025541573285884646,-0.6992913430803197,0.7148311154027381,keyframes_lidar/keyframe_000055.pcd,3181
56,1788253860897225216,1788253860.897225142,map,-1.4135171347216293,9.837398037903242,-0.0027675445388421274,0.0033127977663983147,0.0004674082513381025,-0.6985211836166153,0.7155815557568043,keyframes_lidar/keyframe_000056.pcd,3171
57,1788253865897325824,1788253865.897325754,map,-1.4579251269195257,10.788851941849268,-0.0007614643398625096,0.0034768298135547182,0.0007650366444810112,-0.6974329746773075,0.7166411739539827,keyframes_lidar/keyframe_000057.pcd,3222
58,1788253870996999936,1788253870.996999979,map,-1.501672007811512,11.762603441518834,0.006025140206283294,5.5137794918243396e-05,-0.002757926644311573,-0.6972020810686099,0.7168693388296419,keyframes_lidar/keyframe_000058.pcd,3282
59,1788253875997104896,1788253875.997104883,map,-1.55477523736184,12.713442120353292,0.0033829983851724615,0.004019319895438808,-0.004506937929688737,-0.6970962687822341,0.7169521076250236,keyframes_lidar/keyframe_000059.pcd,3282
60,1788253881096280832,1788253881.096280813,map,-1.605205104372689,13.685101151276902,-0.002729336997996143,0.007788694276684659,-0.005301724364892412,-0.6966695798584126,0.7173302757169294,keyframes_lidar/keyframe_000060.pcd,3259
61,1788253886097891072,1788253886.097891092,map,-1.6541592113608976,14.63549089386446,-0.0019795554075048086,0.009513656819748754,-0.005147914764887892,-0.6964355831063188,0.7175377815076021,keyframes_lidar/keyframe_000061.pcd,3251
62,1788253891195783424,1788253891.195783377,map,-1.7001392139539522,15.599900932977489,0.002276658279695684,0.00772083543553109,-0.0005210523679473158,-0.6960095879183955,0.7179907873575209,keyframes_lidar/keyframe_000062.pcd,3109
63,1788253896197876736,1788253896.197876692,map,-1.748810844048091,16.55426077829164,0.008559573633229588,0.005048306911186524,-0.0014933501779320563,-0.695686805715225,0.7183259377582877,keyframes_lidar/keyframe_000063.pcd,3148
64,1788253901297401856,1788253901.297401905,map,-1.797251665296039,17.52376284601735,0.012392859226606774,0.0030797408492997404,-0.00021141869783325058,-0.696186152726168,0.7178546588626226,keyframes_lidar/keyframe_000064.pcd,3107
65,1788253906297594624,1788253906.297594547,map,-1.843523410443886,18.47302783086332,0.012089348688117015,0.0020186373441693616,0.0015008930362529944,-0.6964221638860167,0.717627927321453,keyframes_lidar/keyframe_000065.pcd,3121
66,1788253911395137024,1788253911.395137072,map,-1.891305691221421,19.447133198276617,0.02208100621659988,-0.00382477352718008,-0.002653683104186694,-0.696495235827066,0.7175463159571291,keyframes_lidar/keyframe_000066.pcd,3080
67,1788253916397499904,1788253916.397499800,map,-1.936564943580657,20.401879894237997,0.011145170340440255,-0.0037972640408191955,-8.71013619331451e-05,-0.696484999193726,0.7175612998882205,keyframes_lidar/keyframe_000067.pcd,3056
68,1788253921495349504,1788253921.495349407,map,-1.9640462233223472,20.922295962708503,0.00611522906546131,-0.003623780477973689,0.0012102611723685834,-0.6966078529006964,0.7174419159486181,keyframes_lidar/keyframe_000068.pcd,3037
69,1788253926497553408,1788253926.497553349,map,-2.0087112600067987,21.824789967725604,0.002983096383293554,-0.0023510242733308035,0.0030720372259940335,-0.6967371525423002,0.7173160917889657,keyframes_lidar/keyframe_000069.pcd,3028
70,1788253931595280128,1788253931.595280170,map,-2.061224005201343,22.79382552997224,0.0008340404053514758,0.0027862977490163265,0.001741953613140635,-0.6964575118944464,0.7175905073705062,keyframes_lidar/keyframe_000070.pcd,3023
71,1788253936597653504,1788253936.597653627,map,-2.040836651173698,22.390691143635173,0.002811194558192183,-0.0017353166044311375,0.0027322524883932006,-0.6970750009430908,0.7169909110531403,keyframes_lidar/keyframe_000071.pcd,3047
72,1788253941695294208,1788253941.695294142,map,-1.990629064110236,21.419102481812313,0.0016154528247036906,-0.0028531208876448,0.0034211115351788866,-0.6968807314626537,0.7171732021019338,keyframes_lidar/keyframe_000072.pcd,3040
73,1788253946697449472,1788253946.697449446,map,-1.9411738205301379,20.47342017882709,0.009839300385002421,-0.004290473865903596,-0.0002083303656064334,-0.6962672251278429,0.7177698096501682,keyframes_lidar/keyframe_000073.pcd,3055
74,1788253951795913472,1788253951.795913458,map,-1.8916673606328713,19.502853181380686,0.022014276968821966,-0.004574226077237094,-0.0025722277568051093,-0.6959404847385756,0.7180802892448712,keyframes_lidar/keyframe_000074.pcd,3094
75,1788253956796919808,1788253956.796919823,map,-1.8394512283871263,18.545650207351727,0.015851920987275694,0.0011903723196297657,0.001815156208728784,-0.6952423981298532,0.7187720751840109,keyframes_lidar/keyframe_000075.pcd,3106
76,1788253961797040640,1788253961.797040701,map,-1.7914123970746976,17.594933153777273,0.01390068329575564,0.002387582676366438,-0.00015647861594118994,-0.6951876770285481,0.7188242961051453,keyframes_lidar/keyframe_000076.pcd,3096
77,1788253966797604096,1788253966.797604084,map,-1.7429085555454793,16.637043805108235,0.008005845398045892,0.0035818696752809476,-0.00032105901006214556,-0.6949034531276239,0.7190940536272328,keyframes_lidar/keyframe_000077.pcd,3145
78,1788253971897133312,1788253971.897133350,map,-1.696883389842659,15.65873623224074,0.002525392953484862,0.006749027333296928,-0.0005847476550858887,-0.6948447762005779,0.7191278368183248,keyframes_lidar/keyframe_000078.pcd,3154
79,1788253976997273856,1788253976.997273922,map,-1.6471096449583307,14.69018912284605,-0.0003183397302605473,0.008654592271451293,-0.00488729512382322,-0.6943054281573882,0.719611829259479,keyframes_lidar/keyframe_000079.pcd,3254
80,1788253981997501440,1788253981.997501373,map,-1.6020769262869634,13.735520495910693,-0.0034183419718183394,0.008004952811325544,-0.0055535032238868305,-0.6956206131065542,0.7183432619254478,keyframes_lidar/keyframe_000080.pcd,3248
81,1788253987097173248,1788253987.097173214,map,-1.554917552577872,12.766719631789085,0.0007617407577797733,0.004168994387830335,-0.005385238605150262,-0.6965489773124528,0.7174769270826318,keyframes_lidar/keyframe_000081.pcd,3285
82,1788253992097414400,1788253992.097414494,map,-1.5046517347073425,11.812446594768243,0.006850135027773284,-0.00016446527787161738,-0.0030448973907966493,-0.6967548434212428,0.71730285773869,keyframes_lidar/keyframe_000082.pcd,3258
83,1788253997197196288,1788253997.197196245,map,-1.454573066103228,10.836117151173891,0.0001920430470364748,0.003174936724758907,0.0009463537278504858,-0.6965683516162126,0.717482791234806,keyframes_lidar/keyframe_000083.pcd,3182
84,1788254002198277888,1788254002.198277950,map,-1.40710562987237,9.883056764863174,-0.0021834058578095172,0.0025307918347292515,-3.141250377541142e-05,-0.6966581463075405,0.7173987881849854,keyframes_lidar/keyframe_000084.pcd,3188
85,1788254007298197248,1788254007.298197269,map,-1.3645457486712764,8.915174167399583,-0.008857089101550017,0.002176889837240014,2.6846054186239602e-05,-0.6973667000744348,0.7167112012918587,keyframes_lidar/keyframe_000085.pcd,3165
86,1788254012397996032,1788254012.397995949,map,-1.3228901614551258,7.952252551988652,0.004489420772694611,-0.00357892905903975,-0.0031887049787704637,-0.6980659094074219,0.7160174645569325,keyframes_lidar/keyframe_000086.pcd,3123
87,1788254017497959680,1788254017.497959614,map,-1.2753456137092045,6.981463928769998,0.021706482383187366,-0.005212289182551521,-0.002604375868496233,-0.6977595229250246,0.7163083815196184,keyframes_lidar/keyframe_000087.pcd,3102
88,1788254022597893632,1788254022.597893715,map,-1.2306271224876384,6.011957957503583,0.027924675930243257,-0.00293396894232983,-0.0028028052343583914,-0.6968529813299551,0.7172025226674938,keyframes_lidar/keyframe_000088.pcd,3128
89,1788254027697775872,1788254027.697775841,map,-1.1873801006676863,5.037578832480107,0.02387575668304841,0.0019671753298526155,-0.00040615347939902094,-0.6972686485536369,0.7168070849292422,keyframes_lidar/keyframe_000089.pcd,3150
90,1788254032797573632,1788254032.797573566,map,-1.1452117225081935,4.064701843923142,0.02469456911324197,0.003077891273119481,-0.001863466319062162,-0.6972032083915047,0.7168645201760098,keyframes_lidar/keyframe_000090.pcd,3102
91,1788254037797613312,1788254037.797613382,map,-1.1008886506814728,3.1082227084364646,0.01851023846954257,0.005440887471960982,-0.0020901726483021693,-0.6964773597444545,0.7175550956443774,keyframes_lidar/keyframe_000091.pcd,3059
92,1788254042797662720,1788254042.797662735,map,-1.0620519066394072,2.154890747581688,0.02152383688968298,0.00539057542138161,-0.003858212013111402,-0.697634688385545,0.7164229878067091,keyframes_lidar/keyframe_000092.pcd,2943
93,1788254047897586432,1788254047.897586346,map,-1.0298368602945545,1.1843688637340892,0.03149286054668182,-0.00012448388855392393,-0.004781258429842245,-0.7006987446918432,0.7134412332202729,keyframes_lidar/keyframe_000093.pcd,2867
94,1788254052397161472,1788254052.397161484,map,-1.0116603496177858,0.17800779919978937,0.02739362578523726,0.001370370282407828,0.00027982719669302896,-0.7070896805044555,0.707122498232192,keyframes_lidar/keyframe_000094.pcd,2950
95,1788254056397683456,1788254056.397683382,map,-0.9890983181799694,-0.8373565555957158,0.028263068205173273,0.0004251409937325617,-0.0017958218779936764,-0.7049964105128068,0.709208471073898,keyframes_lidar/keyframe_000095.pcd,2910
96,1788254061495298560,1788254061.495298624,map,-0.9850070857318732,-0.9242151176136938,0.029011296293797437,-7.89474642964329e-05,-0.002159215275054544,-0.7051046307492284,0.7090999867809111,keyframes_lidar/keyframe_000096.pcd,2854
97,1788254066497696512,1788254066.497696638,map,-0.985362430439776,-0.9214257084568409,0.029603080794581522,3.734800097822665e-05,-0.0019822864016783587,-0.7049340377045293,0.709270097798672,keyframes_lidar/keyframe_000097.pcd,2977
98,1788254071596153856,1788254071.596153975,map,-0.5294869186064548,-0.4420340684570024,0.037951067228332275,-0.0032886475649709225,-0.004176334291813739,-0.26586566586287297,0.96399543087318,keyframes_lidar/keyframe_000098.pcd,3384
99,1788254076597517312,1788254076.597517252,map,-0.303778529343031,-0.00212861637037148,0.03994057292245746,-0.004877861342425573,-0.004921488383424865,0.04456893408830333,0.9989822798904134,keyframes_lidar/keyframe_000099.pcd,3463
100,1788254080697046784,1788254080.697046757,map,0.6982215390127243,0.09492749562231831,0.056674514685415844,-0.0036894293363939766,-0.007682327911840985,0.04317450160529298,0.9990311968903481,keyframes_lidar/keyframe_000100.pcd,3506
101,1788254085697360128,1788254085.697360039,map,1.0511979603518753,0.3982473916631487,0.0674375275313981,-0.004477237744352033,-0.011478530359681693,0.26708463836449653,0.9635943096722128,keyframes_lidar/keyframe_000101.pcd,3419
102,1788254090796345856,1788254090.796345949,map,0.5897300336117217,0.5805340796782812,0.054014112951558044,-0.008240878736485494,-0.009816039273137359,0.5976394463416295,0.8016625383957451,keyframes_lidar/keyframe_000102.pcd,3306
103,1788254095797278720,1788254095.797278643,map,0.40376990551403824,0.3429140698526033,0.05113525864379401,-0.01036462069293005,-0.009990888497235116,0.7043856687470913,0.7096714637412446,keyframes_lidar/keyframe_000103.pcd,3269
104,1788254100897081600,1788254100.897081614,map,0.4070338442876178,1.2370670205805079,0.05126274630702766,-0.00879791329943647,-0.009892347929889553,0.7022417902072613,0.7118154299117929,keyframes_lidar/keyframe_000104.pcd,3220
105,1788254103896121600,1788254103.896121502,map,0.32405145480976505,2.249519324452974,0.051349466175491486,-0.010810708364300939,-0.011677637270352915,0.7200179563218938,0.6937729484107085,keyframes_lidar/keyframe_000105.pcd,3155
106,1788254108897438720,1788254108.897438765,map,0.258605265509391,3.2099797669937806,0.04165676604841509,-0.013615194065491186,-0.011510751427717077,0.7201221430563091,0.6936182149944716,keyframes_lidar/keyframe_000106.pcd,3307
107,1788254113996990208,1788254113.996990204,map,0.19623513979793789,4.175907440593212,0.04273606308643956,-0.010826152992968003,-0.011019389588318135,0.7216864743969919,0.6920476863171451,keyframes_lidar/keyframe_000107.pcd,3291
108,1788254118997398016,1788254118.997398138,map,0.1377797830284609,5.126876662902622,0.05097645421865327,-0.005510422830771522,-0.009330214862855625,0.7225529675599176,0.6912306354619967,keyframes_lidar/keyframe_000108.pcd,3305
109,1788254124096214528,1788254124.096214533,map,0.0729001126486986,6.09838559905023,0.050537394089439344,-0.0066616953622482536,-0.008708863837742312,0.7225501741538788,0.6912315265782919,keyframes_lidar/keyframe_000109.pcd,3233
110,1788254129097334272,1788254129.097334385,map,0.007260313097172523,7.049625175079964,0.048553017007873664,-0.009504738831754551,-0.007652362731501616,0.7227017546374912,0.6910522955089993,keyframes_lidar/keyframe_000110.pcd,3231
111,1788254134198218752,1788254134.198218822,map,-0.04969720995803635,8.028401445148148,0.044783737037673764,-0.011895812056953772,-0.009731892169206585,0.7203636858196922,0.6934262326178471,keyframes_lidar/keyframe_000111.pcd,3225
112,1788254139297961984,1788254139.297961950,map,-0.10301256233816702,8.997163488952848,0.04172803552846505,-0.010459820111844027,-0.009178767390217146,0.7212059133120776,0.6925809505004569,keyframes_lidar/keyframe_000112.pcd,3326
113,1788254144397498880,1788254144.397498846,map,-0.15420197824983317,9.973921393731969,0.035901689598224,-0.011978199993760943,-0.004828549370033254,0.7202192659586207,0.6936262803397202,keyframes_lidar/keyframe_000113.pcd,3293
114,1788254149497916928,1788254149.497916937,map,-0.20498527486003623,10.945466226750838,0.022756048516360875,-0.012773378266799137,-0.0058322742244702715,0.719301130160134,0.6945564840496258,keyframes_lidar/keyframe_000114.pcd,3321
115,1788254154497962752,1788254154.497962713,map,-0.2567473386195134,11.901014849705886,0.014309506535843255,-0.012777136910020229,-0.006395714059765433,0.719589384680575,0.6942528048694365,keyframes_lidar/keyframe_000115.pcd,3263
116,1788254159597834240,1788254159.597834349,map,-0.30736058721212234,12.872581210562696,0.014227789750401815,-0.010845164135662411,-0.008077874178458903,0.7192528787860852,0.6946167480859906,keyframes_lidar/keyframe_000116.pcd,3378
117,1788254164697402368,1788254164.697402477,map,-0.35514321420886885,13.842957115171936,0.016113871941853,-0.0063200758331217405,-0.007875010723288924,0.7196748504851184,0.6942378197900158,keyframes_lidar/keyframe_000117.pcd,3250
118,1788254169797769984,1788254169.797770023,map,-0.39918716634979706,14.813016976699014,0.0205013890494572,-0.00516367250212551,-0.007069243192985587,0.7180509151476708,0.6959355182361092,keyframes_lidar/keyframe_000118.pcd,3313
119,1788254174897605120,1788254174.897605181,map,-0.44692777700497643,15.782137275403286,0.030606550125687956,-0.004869212331271732,-0.011166098204684626,0.7173686985695104,0.696587223063159,keyframes_lidar/keyframe_000119.pcd,3217
120,1788254179897635584,1788254179.897635460,map,-0.49713448484888456,16.73411295356039,0.04186841831967467,-0.005083495753992211,-0.01309159095854233,0.7178158275918938,0.6960913776047352,keyframes_lidar/keyframe_000120.pcd,3175
121,1788254184997521408,1788254184.997521400,map,-0.5485214222346847,17.71052842700973,0.04007956656470593,-0.008631843046568955,-0.008745852394255944,0.7185213042915631,0.6953963881346152,keyframes_lidar/keyframe_000121.pcd,3129
122,1788254189997537280,1788254189.997537374,map,-0.5978158003290264,18.66346195117686,0.04135803637879788,-0.006360961508986661,-0.006340096692136037,0.7197311033600035,0.6941948431087686,keyframes_lidar/keyframe_000122.pcd,3185
123,1788254195097477376,1788254195.097477436,map,-0.6494987145703468,19.63377361827969,0.038558566434028996,-0.007653077456117144,-0.00635170819424396,0.7193765849200896,0.6945490733398002,keyframes_lidar/keyframe_000123.pcd,3041
124,1788254200097490176,1788254200.097490072,map,-0.7031299346110977,20.593052083900464,0.0308845038710195,-0.010546933568184846,-0.005156978130812621,0.7192813460110121,0.6946196895060299,keyframes_lidar/keyframe_000124.pcd,3087
125,1788254205197562112,1788254205.197562218,map,-0.7560257801879356,21.566436678352638,0.026560442571631072,-0.011265637443281927,-0.007676426421047077,0.719090730761292,0.694782468707717,keyframes_lidar/keyframe_000125.pcd,3051
126,1788254210297496576,1788254210.297496557,map,-0.809666899461237,22.542038942301723,0.021217679726329847,-0.00875681872542571,-0.00689685752459871,0.7207168529438248,0.6931399349084172,keyframes_lidar/keyframe_000126.pcd,2998
127,1788254215397359360,1788254215.397359371,map,-0.8554875990914141,23.51863289315912,0.02158897428084576,-0.004902441067711359,-0.00309126817361666,0.7199865598406838,0.6939638058151404,keyframes_lidar/keyframe_000127.pcd,2835
128,1788254220397460480,1788254220.397460461,map,-0.9002882791898216,24.47216858119142,0.026288256437126366,0.0016756672900106193,-0.0012586230073683227,0.7196794651704492,0.6943033021808516,keyframes_lidar/keyframe_000128.pcd,2637
129,1788254225497723904,1788254225.497723818,map,-0.9303609885998286,25.051584806705463,0.04330024439938106,0.00444203014257409,-0.0042906032278939065,0.7196470314143524,0.6943126163830409,keyframes_lidar/keyframe_000129.pcd,2216
130,1788254230597572096,1788254230.597572088,map,-0.897559540677575,24.542913534546482,0.028974286412043894,0.002429222394540976,-0.0008956526209953258,0.7189651883667005,0.6950412610786321,keyframes_lidar/keyframe_000130.pcd,2659
131,1788254235697606656,1788254235.697606564,map,-0.8486298168446583,23.57507687472445,0.019160327879739304,-0.005134300856850655,-0.0020530469648985293,0.7187431081670458,0.6952537439059538,keyframes_lidar/keyframe_000131.pcd,2897
132,1788254240797238272,1788254240.797238350,map,-0.8000600026413517,22.600825930099973,0.020646613569401815,-0.006985573858936773,-0.003562636725827348,0.7183176250428391,0.6956711140547926,keyframes_lidar/keyframe_000132.pcd,2913
133,1788254245797628416,1788254245.797628403,map,-0.7528443563300299,21.64871620373261,0.022706117375656493,-0.010723875483444313,-0.007660750302901521,0.7182198394230168,0.6956914356656895,keyframes_lidar/keyframe_000133.pcd,2995
134,1788254250897384192,1788254250.897384167,map,-0.7003556082775875,20.67601872569392,0.02699063960671059,-0.01094261567756421,-0.004967320029155156,0.7182864814981742,0.6956436698417044,keyframes_lidar/keyframe_000134.pcd,3064
135,1788254255997562880,1788254255.997562885,map,-0.6470359555122276,19.70086594888231,0.03677507668728061,-0.0077987579468356254,-0.0063832696541310996,0.7182642867448122,0.6956973822215918,keyframes_lidar/keyframe_000135.pcd,3094
136,1788254261096985856,1788254261.096985817,map,-0.5952750877590209,18.730292648870805,0.04102956244287054,-0.006375256027166011,-0.005623774964547885,0.7185991991487366,0.6953725046682036,keyframes_lidar/keyframe_000136.pcd,3147
137,1788254266097445888,1788254266.097445965,map,-0.5478821692445237,17.777108846894183,0.03816140192286795,-0.008136228789163065,-0.007866521913434564,0.7181966257420864,0.6957481774225193,keyframes_lidar/keyframe_000137.pcd,3151
138,1788254271198287872,1788254271.198287964,map,-0.49614820555704736,16.79421004896868,0.04000628001780665,-0.004882084880422962,-0.013028090157258216,0.718352121606147,0.6955405548909583,keyframes_lidar/keyframe_000138.pcd,3250
139,1788254276297060096,1788254276.297060013,map,-0.44456229804970265,15.819726726278272,0.02969528032400369,-0.005061868906368914,-0.010821064521820774,0.7183895945611037,0.6955384047427735,keyframes_lidar/keyframe_000139.pcd,3157
140,1788254281298116352,1788254281.298116446,map,-0.3900116858917734,14.86838652468016,0.018363456160329094,-0.0053643504759193945,-0.0066788737042907855,0.7176499583598751,0.6963513148232602,keyframes_lidar/keyframe_000140.pcd,3227
141,1788254286397472512,1788254286.397472620,map,-0.34309787057868596,13.897920892163627,0.017316341932118333,-0.0048401844338527246,-0.005833566285737943,0.717525425353221,0.6964910667702175,keyframes_lidar/keyframe_000141.pcd,3296
142,1788254291398039296,1788254291.398039341,map,-0.30009920964507375,12.948830957143398,0.011433366311410724,-0.010302128093490286,-0.006884369006294508,0.7171678423440362,0.6967903253689234,keyframes_lidar/keyframe_000142.pcd,3339
143,1788254296497898240,1788254296.497898340,map,-0.25281033014793475,11.978325094589533,0.014780388131400025,-0.012570491043742024,-0.006164190656492993,0.7174058652599746,0.696514759354787,keyframes_lidar/keyframe_000143.pcd,3286
144,1788254301498001408,1788254301.498001337,map,-0.20532886222244984,11.032156723197296,0.02372336923127344,-0.012655903866046186,-0.005200474626953894,0.7179567232566498,0.6959532503635301,keyframes_lidar/keyframe_000144.pcd,3301
145,1788254306597740544,1788254306.597740650,map,-0.1555146307876976,10.06691230516773,0.03278617134655962,-0.012829146936945715,-0.00392860676806988,0.7189605809136862,0.6949213352099552,keyframes_lidar/keyframe_000145.pcd,3324
146,1788254311697667840,1788254311.697667837,map,-0.10399349261887875,9.090620559424922,0.043227585882253075,-0.009527561544664187,-0.007845253808174954,0.719736073431877,0.6941380713983076,keyframes_lidar/keyframe_000146.pcd,3309
147,1788254316797700608,1788254316.797700644,map,-0.0508377762162177,8.120017141059376,0.04223049731254552,-0.011839834070969354,-0.009246340723289276,0.7204652964201496,0.6933282629221362,keyframes_lidar/keyframe_000147.pcd,3282
148,1788254321897417216,1788254321.897417307,map,0.009453494788470832,7.150082245811772,0.04648261477987497,-0.010827460280112037,-0.0068716013580712035,0.7203097280053696,0.6935340243560434,keyframes_lidar/keyframe_000148.pcd,3254
149,1788254326897718784,1788254326.897718906,map,0.06549467296805579,6.195071175357886,0.05143907324165332,-0.006834855414107248,-0.008968723074954615,0.7206735082548479,0.693182906062695,keyframes_lidar/keyframe_000149.pcd,3239
150,1788254331997477120,1788254331.997477055,map,0.12376230370729867,5.2209478650177585,0.04961667209234381,-0.005986823828524451,-0.008728032643654961,0.7210596123378495,0.6927921873417797,keyframes_lidar/keyframe_000150.pcd,3278
151,1788254336997544960,1788254336.997545004,map,0.17871816967746573,4.267689593383556,0.04220859851692056,-0.01056175818190437,-0.010421779326221842,0.7217077037590703,0.6920388906084634,keyframes_lidar/keyframe_000151.pcd,3338
152,1788254342097511680,1788254342.097511768,map,0.2375949853694212,3.2951253745585576,0.04017683500338831,-0.013029391033867898,-0.011413219099769457,0.7220986305198,0.6915732363246113,keyframes_lidar/keyframe_000152.pcd,3263
153,1788254347197416704,1788254347.197416782,map,0.30813406479978434,2.3452996942431383,0.049184295639286724,-0.011764347271969417,-0.011019978848500957,0.7136375628985384,0.7003296288317937,keyframes_lidar/keyframe_000153.pcd,3242
154,1788254350397358592,1788254350.397358656,map,0.3508201697963654,1.3219889197291823,0.05160955069242319,-0.009155837208782144,-0.010836305789638439,0.7158229271861568,0.6981377242611102,keyframes_lidar/keyframe_000154.pcd,3172
155,1788254353395535360,1788254353.395535469,map,0.3975054234295266,0.3043250768284259,0.050038285449371736,-0.010545065269609267,-0.00997254105166271,0.7159153713515837,0.6980361961144685,keyframes_lidar/keyframe_000155.pcd,3242
156,1788254358397582848,1788254358.397582769,map,0.8950460479535249,0.21821186280925872,0.06037526204705721,-0.007143071138263331,-0.009990000481144975,0.41517696022720707,0.9096577752768328,keyframes_lidar/keyframe_000156.pcd,3398
157,1788254363496146944,1788254363.496146917,map,1.2698605560422305,-0.23009584721208967,0.06611815740642499,-0.005377423790470358,-0.009119403862909155,-0.01780913085152383,0.9997853542860469,keyframes_lidar/keyframe_000157.pcd,3481
158,1788254368497238528,1788254368.497238636,map,2.0569089736469377,-0.24222138295597084,0.06857954104676699,-0.005461710210973443,-0.0019954636395766332,-0.017912585245779176,0.9998226478412294,keyframes_lidar/keyframe_000158.pcd,3450
159,1788254373597065472,1788254373.597065449,map,2.3639182896736317,0.08664393991094997,0.0741962684388606,-0.00443836679817629,-0.00406741561466865,0.26930252826614154,0.9630368140937534,keyframes_lidar/keyframe_000159.pcd,3452
160,1788254378597420032,1788254378.597419977,map,1.7124829212460086,0.238852283293292,0.06775457072288679,-0.005333617107865918,-0.004667034630493197,0.7073234853646005,0.7068544817485267,keyframes_lidar/keyframe_000160.pcd,3419
161,1788254383697027072,1788254383.697026968,map,1.7989420122743232,0.17831633989780712,0.06674696572737997,-0.0052596038802184926,-0.004566353707610673,0.6574729247210241,0.7534459756609115,keyframes_lidar/keyframe_000161.pcd,3437
162,1788254388697136384,1788254388.697136402,map,1.8994969121074703,0.9986200887570346,0.07170418446424429,-0.0050216508903260714,-0.007418722065890738,0.6576452238900755,0.7532745217248604,keyframes_lidar/keyframe_000162.pcd,3425
163,1788254393795909888,1788254393.795909882,map,1.8631666278942958,1.1915669811391576,0.0728318812480701,-0.004810227421210669,-0.008209180148952853,0.6824118120579035,0.7309060061576229,keyframes_lidar/keyframe_000163.pcd,3382
164,1788254398796964096,1788254398.796964169,map,1.8333939155863157,2.193331548238578,0.07766296326808114,-0.004750111084152578,-0.009750243389344746,0.7023301457495267,0.7117687374210709,keyframes_lidar/keyframe_000164.pcd,3327
165,1788254403698139392,1788254403.698139429,map,1.7808584308629078,3.1933737808009184,0.06268133625438674,-0.011590518110904151,-0.006924522685185585,0.7123631472842283,0.7016811649651229,keyframes_lidar/keyframe_000165.pcd,3406
166,1788254408797246976,1788254408.797246933,map,1.7393482139632332,4.168195784719926,0.057720965159585594,-0.011687322132682861,-0.005587859799475071,0.714021960541423,0.7000034444121049,keyframes_lidar/keyframe_000166.pcd,3483
167,1788254413797933312,1788254413.797933340,map,1.6990127574681577,5.115775901989654,0.054766021231598606,-0.007219393998722294,-0.005272806675632771,0.7150070879159895,0.6990600418347118,keyframes_lidar/keyframe_000167.pcd,3418
168,1788254418897922304,1788254418.897922277,map,1.6533978043835922,6.08914058011909,0.05734932364243503,-0.004080027896891163,-0.0054833474314573555,0.7156259867160756,0.6984502368887491,keyframes_lidar/keyframe_000168.pcd,3420
169,1788254423997911552,1788254423.997911453,map,1.611653052459256,7.0626958677782685,0.06252095808374865,-0.0019754727080368646,-0.0029727416886755455,0.7162919797703842,0.697791559157214,keyframes_lidar/keyframe_000169.pcd,3444
170,1788254429097812736,1788254429.097812653,map,1.572943781734855,8.033199336189414,0.06959555345011477,0.002801052673060132,0.0009596055381159655,0.7170593701009225,0.6970058055795534,keyframes_lidar/keyframe_000170.pcd,3425
171,1788254434197760512,1788254434.197760582,map,1.5303511113691888,9.014922943947424,0.05305852781208247,-0.00345992893824356,0.0050139750849813374,0.7159303327121999,0.6981451479801235,keyframes_lidar/keyframe_000171.pcd,3492
172,1788254439297583104,1788254439.297583103,map,1.4828351952412866,9.990174943149785,0.043376896079178204,-0.00710798837302921,-0.0014163319250155423,0.7156430271468832,0.698428613532702,keyframes_lidar/keyframe_000172.pcd,3473
173,1788254444297644544,1788254444.297644615,map,1.4398342558945803,10.937067416164833,0.044820662684926585,-0.0032039518441956357,-0.0021297243957820408,0.7167339068599076,0.6973361497326176,keyframes_lidar/keyframe_000173.pcd,3471
174,1788254449397543424,1788254449.397543430,map,1.3908961164052902,11.912699700869016,0.035766861213129816,-0.0062924801364205255,9.994776757062346e-05,0.7171274762306059,0.6969136083757429,keyframes_lidar/keyframe_000174.pcd,3481
175,1788254454497536512,1788254454.497536421,map,1.340440421298079,12.882067906724366,0.03212460336350187,-0.007085777066255227,-0.003451208180709034,0.7172718861690911,0.696748822917481,keyframes_lidar/keyframe_000175.pcd,3463
176,1788254459597514752,1788254459.597514629,map,1.2905647830980758,13.858254254145335,0.026851538787414173,-0.007745456443193588,-0.0056422460068282065,0.7168413867098985,0.6971704234004156,keyframes_lidar/keyframe_000176.pcd,3415
177,1788254464697556224,1788254464.697556257,map,1.240066359623491,14.822821386216447,0.027882708581994757,-0.007904201576037684,-0.009234810329851035,0.7175539520677575,0.6963968464514753,keyframes_lidar/keyframe_000177.pcd,3452
178,1788254469797533184,1788254469.797533274,map,1.1776078213872245,15.793840231781747,0.03653042051304873,-0.01089609315628997,-0.01713095738309524,0.7186721978211079,0.6950525717757229,keyframes_lidar/keyframe_000178.pcd,3404
179,1788254474897182976,1788254474.897182941,map,1.1173478429613604,16.75984231177887,0.04225526107554865,-0.012048984248135023,-0.018676145727955906,0.7191593062690932,0.6944896801003547,keyframes_lidar/keyframe_000179.pcd,3417
180,1788254479897505536,1788254479.897505522,map,1.06213261192623,17.71527238995562,0.044588238023132054,-0.014873445277131228,-0.01673029433430452,0.7198613528371285,0.6937568093853747,keyframes_lidar/keyframe_000180.pcd,3428
181,1788254484997362944,1788254484.997362852,map,1.0057969156087352,18.685380946157313,0.04625222887129596,-0.011630148277138,-0.014297176365535322,0.7210570253077335,0.6926305628929373,keyframes_lidar/keyframe_000181.pcd,3319
182,1788254490097913600,1788254490.097913504,map,0.9510403312718196,19.6551835538185,0.051553499686931806,-0.008956612388361566,-0.012277789440297723,0.7220769196325407,0.6916458321387947,keyframes_lidar/keyframe_000182.pcd,3339
183,1788254495196356352,1788254495.196356297,map,0.9026625400687943,20.634852971833865,0.0499121747187233,-0.008345440931727142,-0.006214089568355579,0.7202674775041004,0.6936184106238616,keyframes_lidar/keyframe_000183.pcd,3206
184,1788254500196994816,1788254500.196994781,map,0.8531391063513698,21.590908001271117,0.0429890709282754,-0.010246330404016417,-0.008799926217199622,0.7189734110372834,0.6949063305462378,keyframes_lidar/keyframe_000184.pcd,3195
185,1788254505197209344,1788254505.197209358,map,0.800072995067784,22.54808298611893,0.04132351402928987,-0.0074483862775889306,-0.005811016371727884,0.7203386906069,0.6935581622656632,keyframes_lidar/keyframe_000185.pcd,3157
186,1788254510197611520,1788254510.197611570,map,0.7575589287882949,23.500201972673096,0.04140446714082604,-0.003275872029358043,-0.0020171570182685957,0.7190424938540335,0.6949554602794219,keyframes_lidar/keyframe_000186.pcd,2961
187,1788254515297368064,1788254515.297368050,map,0.7073400254525737,24.47505707138904,0.04473368930173741,-0.005485025821463211,-0.007044671324587178,0.7177494711855724,0.6962441983316613,keyframes_lidar/keyframe_000187.pcd,2875
188,1788254520297563136,1788254520.297563076,map,0.7100230704462649,24.41886429502815,0.04168586315620719,-0.006047552707090779,-0.007220375421143519,0.718616303884896,0.6953430096548348,keyframes_lidar/keyframe_000188.pcd,2772
189,1788254525397474048,1788254525.397474051,map,0.7656324510318642,23.44425243170535,0.04256917332862453,-0.003266554305796598,-0.0016523719553868997,0.7182362362366328,0.6957897011644569,keyframes_lidar/keyframe_000189.pcd,3056
190,1788254530498310144,1788254530.498310089,map,0.8126854829025975,22.47185998069396,0.0386415174515907,-0.007592547050844743,-0.003897781309768797,0.7182959356120321,0.6956853523061826,keyframes_lidar/keyframe_000190.pcd,3168
191,1788254535597259264,1788254535.597259283,map,0.862153398422941,21.497150286619974,0.04200590885999143,-0.010508498363575801,-0.008049799815332508,0.7184082476987328,0.695495766934287,keyframes_lidar/keyframe_000191.pcd,3186
192,1788254540698077952,1788254540.698077917,map,0.9158009094760032,20.524366929694278,0.04950303553453745,-0.008405577211433311,-0.006024648926554111,0.7188766253682972,0.6950607508528613,keyframes_lidar/keyframe_000192.pcd,3236
193,1788254545797627392,1788254545.797627449,map,0.9678279713781855,19.54542327589533,0.049002967689133585,-0.009202734556042456,-0.009302375579814568,0.7198082521716517,0.6940496060015128,keyframes_lidar/keyframe_000193.pcd,3289
194,1788254550797884416,1788254550.797884464,map,1.016256088711102,18.590847956046524,0.045131495724941045,-0.011742425890673695,-0.01357579841205263,0.7199170383319854,0.6938279837618112,keyframes_lidar/keyframe_000194.pcd,3314
195,1788254555897700096,1788254555.897700071,map,1.0683873933138217,17.616885970921132,0.043576194887319855,-0.014513439463046878,-0.016736834283380447,0.7196678126946793,0.6939650407797061,keyframes_lidar/keyframe_000195.pcd,3387
196,1788254560897895936,1788254560.897895813,map,1.1212966581789832,16.65929741457042,0.04069400594525277,-0.012415410456194246,-0.018439366186571247,0.7195551221263714,0.6940794432768806,keyframes_lidar/keyframe_000196.pcd,3432
197,1788254565997675264,1788254565.997675180,map,1.177582830560597,15.685367204813325,0.033800249275829634,-0.011545119769985932,-0.017100651902075593,0.7193537412406794,0.6943374344488842,keyframes_lidar/keyframe_000197.pcd,3410
198,1788254570997822720,1788254570.997822762,map,1.236703160513608,14.735293443184212,0.027051475681080732,-0.009319038912571395,-0.009037466427432063,0.7190936213654799,0.6947919425452478,keyframes_lidar/keyframe_000198.pcd,3444
199,1788254576097605120,1788254576.097605228,map,1.2945821077343096,13.762668192257536,0.024740439097309493,-0.008456509424448807,-0.005209155148870002,0.7181943995327565,0.6957716267790549,keyframes_lidar/keyframe_000199.pcd,3413
200,1788254581197603584,1788254581.197603703,map,1.3446059429094057,12.79798882096372,0.030892510848779017,-0.007396664882683753,-0.0032498773874782903,0.7176815191246876,0.6963246116233869,keyframes_lidar/keyframe_000200.pcd,3491
201,1788254586297468160,1788254586.297468185,map,1.3962068331972788,11.829106939914832,0.03462954688109769,-0.006806923798044168,0.00026820215217896647,0.7173516971198175,0.6966779288131145,keyframes_lidar/keyframe_000201.pcd,3414
202,1788254591297519360,1788254591.297519445,map,1.444708953169797,10.8760168180547,0.04489381596853642,-0.0034078630101340456,-0.0015890350864981348,0.7171047969112824,0.6969552149772801,keyframes_lidar/keyframe_000202.pcd,3459
203,1788254596297619456,1788254596.297619581,map,1.4885715447184142,9.928261790619924,0.043175484103049874,-0.007571037228130705,-0.0013844231648376904,0.7167519258298478,0.6972857660866134,keyframes_lidar/keyframe_000203.pcd,3444
204,1788254601397583104,1788254601.397583008,map,1.5378203730407163,8.96781554716755,0.05327788257468383,-0.0034583136850493486,0.005157152494592545,0.7158522283484233,0.698224198243802,keyframes_lidar/keyframe_000204.pcd,3514
205,1788254606397687552,1788254606.397687674,map,1.5846072711475743,8.009614105869968,0.06872714645684683,0.00350664008576202,0.002323672245932019,0.7157425001794567,0.6983516144890501,keyframes_lidar/keyframe_000205.pcd,3416
206,1788254611497320192,1788254611.497320175,map,1.6233784795778101,7.035157230892163,0.06166880003059867,-0.001966816312255584,-0.001919677313984394,0.7156785338221892,0.6984244287671543,keyframes_lidar/keyframe_000206.pcd,3365
207,1788254616497336576,1788254616.497336626,map,1.6596385085024825,6.079452742273035,0.05641992002974332,-0.004022688403169568,-0.0048367558981813,0.7148812166327932,0.6992176126757749,keyframes_lidar/keyframe_000207.pcd,3424
208,1788254621597382656,1788254621.597382545,map,1.699253273595205,5.109827629515461,0.053673570861161445,-0.0072384029808512974,-0.005062159195322058,0.7149092978525627,0.6991614090541066,keyframes_lidar/keyframe_000208.pcd,3400
209,1788254626697264128,1788254626.697264194,map,1.739059582342014,4.144259214927377,0.05553795201487742,-0.011389350108466674,-0.005228396153832775,0.7146073333985116,0.6994135440716271,keyframes_lidar/keyframe_000209.pcd,3422
210,1788254631697357568,1788254631.697357655,map,1.77781601979712,3.19304708898981,0.060929174869918015,-0.011755949379214784,-0.00682743982587513,0.7141737474563317,0.6998364395798473,keyframes_lidar/keyframe_000210.pcd,3397
211,1788254636697144832,1788254636.697144747,map,1.8208495867223549,2.1791647991410734,0.07690900572889833,-0.006266352621137615,-0.010891524133215364,0.7138655122266165,0.700170077895588,keyframes_lidar/keyframe_000211.pcd,3318
212,1788254640696243200,1788254640.696243286,map,1.855017559489337,1.1589315497319732,0.07434810757524062,-0.0049688883259897945,-0.009369419591888167,0.7395054280041129,0.6730670442665938,keyframes_lidar/keyframe_000212.pcd,3300
213,1788254645697349120,1788254645.697349072,map,2.3898858022939873,0.8907068917454999,0.07857688234800748,-0.0034120698715274234,-0.008757583943461378,0.4403085373609509,0.8977973348310438,keyframes_lidar/keyframe_000213.pcd,3483
214,1788254650796245248,1788254650.796245337,map,2.773361418173714,0.4926096371129699,0.08212864013652446,-0.00025345932322077175,-0.006612534841648919,0.0343632922803255,0.9993874995641062,keyframes_lidar/keyframe_000214.pcd,3496
215,1788254655797127680,1788254655.797127724,map,2.8387836926288297,0.34805851985120567,0.080802818350701,9.157190999098283e-05,-0.0059884034144307464,-0.02051245230463983,0.9997716588999617,keyframes_lidar/keyframe_000215.pcd,3543
216,1788254660096998912,1788254660.096998930,map,3.853608396065234,0.35514027169485307,0.09532053297574052,0.0011686419868696936,-0.0058991326682105594,-0.009561966892693147,0.9999361996141616,keyframes_lidar/keyframe_000216.pcd,3558
217,1788254664197239808,1788254664.197239876,map,4.884441616023716,0.3468115555733032,0.11144983003762757,0.0022585489649112637,-0.006788560672702046,-0.009745361485329635,0.99992691849459,keyframes_lidar/keyframe_000217.pcd,3503
218,1788254667197491200,1788254667.197491169,map,5.903168596532933,0.33887184026443284,0.12230616464567964,5.2932767255513986e-05,-0.004248269937732393,-0.009756609171691036,0.9999433773860044,keyframes_lidar/keyframe_000218.pcd,3498
219,1788254671496913920,1788254671.496913910,map,6.919884664239333,0.3291160987032167,0.1326673459295204,-0.0024879340724048497,-0.005282187454790647,-0.011722554583299924,0.9999142415196342,keyframes_lidar/keyframe_000219.pcd,3437
220,1788254676497140224,1788254676.497140169,map,7.425447621572237,0.2504411338132556,0.1404382756100711,-0.0018618258611582132,-0.00652555790196689,-0.06819993170680652,0.9976485954551922,keyframes_lidar/keyframe_000220.pcd,3339
221,1788254681597018624,1788254681.597018719,map,7.143686905330389,-0.41441475229099056,0.13592813131748396,0.003066493599777689,-0.003667979216529436,-0.5829115467637025,0.8125215512188078,keyframes_lidar/keyframe_000221.pcd,3195
222,1788254686597626624,1788254686.597626686,map,6.993228609028153,-0.7134193338018956,0.13019182747986707,0.003962559342605847,-0.0019686577119438736,-0.6892527051430349,0.7245075092525115,keyframes_lidar/keyframe_000222.pcd,2956
223,1788254691597832960,1788254691.597832918,map,6.924529984999594,-0.02277075298387256,0.12890519140395465,0.0046087451360477955,-0.00027186975187866783,-0.7297401187341033,0.683709035090985,keyframes_lidar/keyframe_000223.pcd,3344
224,1788254696697734144,1788254696.697734118,map,6.943663245473374,0.5961271195841024,0.13126664456882572,0.004411400956550536,0.0004599599928834759,-0.7301968635575097,0.683222415051776,keyframes_lidar/keyframe_000224.pcd,3312
225,1788254701797803776,1788254701.797803879,map,6.9448605579870595,0.5976367862402304,0.13391572755617384,0.004738109997655767,0.0004731585219092889,-0.7302645229313693,0.6831478997863369,keyframes_lidar/keyframe_000225.pcd,3366
226,1788254706896714752,1788254706.896714687,map,6.945544382056909,0.5994795936678773,0.13326972538396764,0.004765227930032527,0.0003643392143798426,-0.7302992080046735,0.683110698677351,keyframes_lidar/keyframe_000226.pcd,3349
227,1788254711897604608,1788254711.897604704,map,6.945555320022769,0.5972945792518289,0.13341520656237846,0.00476279290163298,0.0004535008766980002,-0.7301187738913031,0.6833035095418369,keyframes_lidar/keyframe_000227.pcd,3324
228,1788254716997476608,1788254716.997476578,map,6.946466945196231,0.5959312467162231,0.13308138100422384,0.004751865982692007,0.0005364539228532416,-0.7303534984967881,0.6830526328332052,keyframes_lidar/keyframe_000228.pcd,3313
229,1788254722097485568,1788254722.097485542,map,6.945824068368931,0.5977272058273669,0.1329799826649849,0.00484470598236861,0.00036816165770707916,-0.7304165784229301,0.6829846376353409,keyframes_lidar/keyframe_000229.pcd,3372
230,1788254727196041984,1788254727.196042061,map,6.944737914794841,0.5971035268701077,0.13327212183777676,0.004754264043580101,0.00043730386047285307,-0.7303341358896387,0.6830733896830358,keyframes_lidar/keyframe_000230.pcd,3264
231,1788254732197478400,1788254732.197478294,map,6.944567206908339,0.59598041527542,0.132616707654444,0.00466974155264214,0.00040430267974727414,-0.7303977780347387,0.683005941332205,keyframes_lidar/keyframe_000231.pcd,3361
232,1788254737296882176,1788254737.296882153,map,6.942740198429057,0.595384282144307,0.1328682226840121,0.0047524470663444845,0.00024340199133385756,-0.7305500475047323,0.6828425756301271,keyframes_lidar/keyframe_000232.pcd,3107
233,1788254742297388800,1788254742.297388792,map,6.945218653368442,0.5958533532947202,0.132418578919629,0.004702922964063076,0.0004982378463504837,-0.7302932089434913,0.6831174593330644,keyframes_lidar/keyframe_000233.pcd,3061
234,1788254747297447168,1788254747.297447205,map,6.944137333841607,0.5982762851749299,0.1333655758406804,0.0047671492898487084,0.00041997415465089695,-0.7303973768223081,0.6830056880000702,keyframes_lidar/keyframe_000234.pcd,3060
235,1788254752397433344,1788254752.397433281,map,6.945223027384305,0.5965523495668764,0.1328508433116229,0.004690707167306687,0.0003777069041700587,-0.7302601784765037,0.6831529304154599,keyframes_lidar/keyframe_000235.pcd,3194
236,1788254757497151744,1788254757.497151852,map,6.945552952337255,0.5988602404447384,0.13349543344430775,0.004722354997162561,0.00034955082109335803,-0.7303370813520107,0.6830705123043528,keyframes_lidar/keyframe_000236.pcd,3220
237,1788254762497477632,1788254762.497477531,map,6.944525745197031,0.5982856076456596,0.13390169899321047,0.004809093372441217,0.00047421197465676035,-0.7303806290667696,0.6830232678525441,keyframes_lidar/keyframe_000237.pcd,3203
238,1788254767597305344,1788254767.597305298,map,6.945864683974947,0.596133076685309,0.13318520904363515,0.004698972707164698,0.00044326814579911884,-0.7303616184983457,0.6830443831796915,keyframes_lidar/keyframe_000238.pcd,3200
239,1788254772697351936,1788254772.697351933,map,6.945625042868715,0.5974625159474757,0.13426004688737772,0.004690085588541084,0.0004211967504408554,-0.730046314104808,0.6833814490842239,keyframes_lidar/keyframe_000239.pcd,3252
240,1788254777796790272,1788254777.796790361,map,6.945430022873125,0.5966480585424028,0.13307073848293052,0.004762770521406071,0.0004666900719355844,-0.7303006859313452,0.6831090735347788,keyframes_lidar/keyframe_000240.pcd,3129
241,1788254782797438208,1788254782.797438145,map,6.94653991924199,0.5960201674516241,0.13304978034623416,0.004606325420384767,0.00038377698402971503,-0.7304649992966753,0.6829344912097034,keyframes_lidar/keyframe_000241.pcd,3205
242,1788254787797451520,1788254787.797451496,map,6.945682962539585,0.5967836216992156,0.1332612607722235,0.004823403608325598,0.0004101838415892144,-0.7302345851967452,0.6831793447619628,keyframes_lidar/keyframe_000242.pcd,3300
243,1788254792897402880,1788254792.897403002,map,6.946066849585217,0.5974588411975306,0.13313399485192193,0.004711362442298512,0.00039439878245895984,-0.730365585508184,0.6830400859531053,keyframes_lidar/keyframe_000243.pcd,3277
244,1788254797996214272,1788254797.996214151,map,6.947460010290915,0.59788125822988,0.13290030303793487,0.004662307753257744,0.00037441649997866646,-0.730228162657778,0.6831873485070873,keyframes_lidar/keyframe_000244.pcd,3341
245,1788254802997386240,1788254802.997386217,map,6.94674624751528,0.5943640156235276,0.13379053555249085,0.004699088915073885,0.00034687238139331073,-0.7303353562867695,0.6830725185515787,keyframes_lidar/keyframe_000245.pcd,3372
246,1788254808096787968,1788254808.096787930,map,6.945840141038655,0.5950571356239006,0.13294401838151326,0.004710183274258674,0.00047052823159585144,-0.7304174558233059,0.6829845774285941,keyframes_lidar/keyframe_000246.pcd,3137
247,1788254813097157376,1788254813.097157478,map,6.944113993428904,0.5980668281834256,0.1334330023933543,0.0047035233061846725,0.0004335731647438059,-0.7302123964085326,0.6832038824641785,keyframes_lidar/keyframe_000247.pcd,3140
248,1788254818196704000,1788254818.196703911,map,6.973003097076406,0.2212175078470078,0.13054508358852496,0.006017458898870512,-9.998065863310299e-06,-0.710179100959861,0.703995337092713,keyframes_lidar/keyframe_000248.pcd,3043
249,1788254823296848896,1788254823.296848774,map,7.046839147145721,-0.07808886677386528,0.13093193632327402,0.004811716268554155,-0.00015033775132458635,-0.6752195704950154,0.7376010821613798,keyframes_lidar/keyframe_000249.pcd,2982
250,1788254828297886976,1788254828.297887087,map,7.048929738394512,-0.07946823915940315,0.13125236313952673,0.004893426374953992,-0.00023059792146235182,-0.6753814718976355,0.7374522822666528,keyframes_lidar/keyframe_000250.pcd,3195
251,1788254833397440512,1788254833.397440434,map,6.9506226530884625,-0.11095885920199954,0.12950546227248216,0.00488080310575016,-0.0003712091174421627,-0.7270268232844609,0.6865916094664567,keyframes_lidar/keyframe_000251.pcd,3217
252,1788254838397835520,1788254838.397835493,map,6.982202821666685,0.4277264218419569,0.13289309072374844,0.004668733569912011,-0.00048366778635842235,-0.6978273868571776,0.716250589629362,keyframes_lidar/keyframe_000252.pcd,3329
253,1788254843497574144,1788254843.497574091,map,6.915841984815095,0.8671498271918375,0.1335374648076199,0.0046188686632584654,0.002606522404200183,-0.7475945417101982,0.6641342283743149,keyframes_lidar/keyframe_000253.pcd,3359
254,1788254848597472512,1788254848.597472429,map,6.917294232744738,0.8682052379318195,0.13374920744218893,0.004691132215895147,0.002619572700503938,-0.7477168588827379,0.6639959563581179,keyframes_lidar/keyframe_000254.pcd,2976
255,1788254853697555712,1788254853.697555780,map,6.916098273822291,0.8445587563818985,0.13309983359648514,0.005020914953357728,0.0030677973032756595,-0.7472788379918046,0.664484550100569,keyframes_lidar/keyframe_000255.pcd,2939
256,1788254858797152000,1788254858.797152042,map,6.905320897297929,0.7960668044677075,0.1325606674786441,0.006604967549537252,0.0036611250369547738,-0.7500288121490404,0.6613620426917717,keyframes_lidar/keyframe_000256.pcd,2916
257,1788254863797557760,1788254863.797557831,map,6.908702643076773,0.8032909129958768,0.13155636542291868,0.005680106101441536,0.003555651809952903,-0.7495290581920708,0.6619375232305464,keyframes_lidar/keyframe_000257.pcd,2559
258,1788254868897216512,1788254868.897216558,map,7.2690154105269835,0.006306114451026454,0.1351756900832338,0.0033270342543537737,-0.0011327242596432642,-0.593204699307086,0.8050439941387129,keyframes_lidar/keyframe_000258.pcd,2896
259,1788254873897650176,1788254873.897650242,map,7.185415527210224,-0.606909782059723,0.133525607092008,0.004647669702443297,-0.002311837888960728,-0.718971166816176,0.6950205147036299,keyframes_lidar/keyframe_000259.pcd,2601
260,1788254878995099904,1788254878.995100021,map,7.187829806318732,-0.6058303685892005,0.13290896957007095,0.004775128090586106,-0.0020265484840682694,-0.7186525865679095,0.6953499486389667,keyframes_lidar/keyframe_000260.pcd,2931
261,1788254883997419264,1788254883.997419357,map,7.185445262834881,-0.6085368634423487,0.1323143732741292,0.0048010283039969515,-0.0018803077769994636,-0.718732920621116,0.6952671453371925,keyframes_lidar/keyframe_000261.pcd,2998
262,1788254888997711360,1788254888.997711420,map,7.2316881000449,-0.5906514036925552,0.13336544598320024,0.004406245534452068,-0.002186986076596374,-0.6918066021922396,0.7220660823327872,keyframes_lidar/keyframe_000262.pcd,2958
263,1788254894097157888,1788254894.097157955,map,7.272132133211271,-0.4719332296663147,0.1339985130749143,0.0033620146408652575,-0.0028990018151112858,-0.6620744071707355,0.7494249608970533,keyframes_lidar/keyframe_000263.pcd,3157
264,1788254899097469696,1788254899.097469568,map,7.156293880906503,-0.04694393665786588,0.1325279369442537,0.0039260912936438,-0.0010114869553193293,-0.6917683875806677,0.7221080671515423,keyframes_lidar/keyframe_000264.pcd,3264
265,1788254904197721600,1788254904.197721481,map,7.187480650585843,0.07625860516052722,0.1333764849609005,0.004109379645526063,-0.0009189647602872095,-0.6657610771813018,0.7461531053430596,keyframes_lidar/keyframe_000265.pcd,3364
266,1788254909297392384,1788254909.297392368,map,7.155892314990755,0.26331050430724195,0.13397000697525047,0.0045359986821886114,-0.0008947748643396787,-0.6706268544394988,0.741780456872841,keyframes_lidar/keyframe_000266.pcd,3365
267,1788254914397625856,1788254914.397625923,map,7.039241669425527,0.8479890022894591,0.13593094398780795,0.00522280626549557,0.0013223838778133382,-0.7075839586555452,0.7066087425506004,keyframes_lidar/keyframe_000267.pcd,3397
268,1788254918696240128,1788254918.696240187,map,7.0215573619698235,1.858738960550447,0.14549283966566506,-0.008296668446685368,-0.00907736466912376,-0.6956006267243573,0.7183234193899228,keyframes_lidar/keyframe_000268.pcd,3086
269,1788254923697596160,1788254923.697596073,map,6.970732922302386,2.81115130832327,0.11788615549505034,-0.008216531348160881,-0.002401329673814506,-0.6958784710099847,0.7181085404123867,keyframes_lidar/keyframe_000269.pcd,3123
270,1788254928795932416,1788254928.795932531,map,6.920636056127918,3.786594179632918,0.09905821065492287,-0.006032109825584307,0.0016097454769614654,-0.6959773360149791,0.7180366077882412,keyframes_lidar/keyframe_000270.pcd,3285
271,1788254933797491968,1788254933.797492027,map,6.872808672427557,4.738721830092235,0.09338369675000219,-0.006133076784447111,0.001443716518245847,-0.6961699050834743,0.7178494022480184,keyframes_lidar/keyframe_000271.pcd,3411
272,1788254938896215296,1788254938.896215200,map,6.82012166084673,5.710248732468363,0.08687085813776604,-0.002422196752117471,0.002973180649163433,-0.6968727241858035,0.7171845644222822,keyframes_lidar/keyframe_000272.pcd,3407
273,1788254943896878592,1788254943.896878481,map,6.776549482731302,6.574758432521426,0.08374214277835856,-0.0021512651439509916,0.004136726109153626,-0.6966418491045054,0.7174039264121949,keyframes_lidar/keyframe_000273.pcd,3450
274,1788254948897226496,1788254948.897226572,map,6.732397861876181,7.528359460200564,0.08744119166531944,-0.0033245380059842345,0.004142637576181057,-0.6970719372218912,0.7169815202211833,keyframes_lidar/keyframe_000274.pcd,3447
275,1788254953996844800,1788254953.996844769,map,6.680603224332881,8.496314632300761,0.08761095369833144,0.002364234911237208,0.002989304414726995,-0.6968109797258348,0.7172446813925656,keyframes_lidar/keyframe_000275.pcd,3442
276,1788254958998142720,1788254958.998142719,map,6.629090252897624,9.442907224407604,0.09261200271743036,0.006919418026295205,0.0012966524221580977,-0.6969214369876022,0.717112927657708,keyframes_lidar/keyframe_000276.pcd,3468
277,1788254964097709056,1788254964.097709179,map,6.575718324584857,10.40497068695466,0.1058322273255631,0.01250689143861321,-0.0067288742195386895,-0.6974505816248028,0.7164921396006414,keyframes_lidar/keyframe_000277.pcd,3531
278,1788254969097983488,1788254969.097983360,map,6.526408389877839,11.36061257473046,0.11019128576921136,0.0123025799402157,-0.007776440814051008,-0.6971715063089817,0.7167566283515944,keyframes_lidar/keyframe_000278.pcd,3492
279,1788254974197319936,1788254974.197319984,map,6.479996392566913,12.336288775753872,0.11829839282348398,0.007207539884006942,-0.01264982923733844,-0.6969870214524261,0.7169359281804492,keyframes_lidar/keyframe_000279.pcd,3421
280,1788254979296631552,1788254979.296631575,map,6.44061593957368,13.311990505031547,0.10485741100727779,0.00084912511306352,-0.00647951589128899,-0.6961364842816272,0.7178797184155384,keyframes_lidar/keyframe_000280.pcd,3476
281,1788254984396481280,1788254984.396481276,map,6.398969821178591,14.283619755084121,0.08808391139402943,-0.0009076745333461254,0.0005364243900569133,-0.6963101214627915,0.7177402755344637,keyframes_lidar/keyframe_000281.pcd,3443
282,1788254989396576512,1788254989.396576405,map,6.352732058668632,15.234094851545992,0.0858262269668377,-0.005271668342196396,0.0004209305454498405,-0.6967393927950167,0.7173048521082213,keyframes_lidar/keyframe_000282.pcd,3475
283,1788254994496053760,1788254994.496053696,map,6.3036890189226,16.206576961725528,0.07811652216783962,0.0016436603911367197,-9.280237110270131e-06,-0.6971801535125777,0.7168940869072465,keyframes_lidar/keyframe_000283.pcd,3400
284,1788254999496360192,1788254999.496360302,map,6.25765005680468,17.152409984832108,0.07532503245371537,0.00401169826000121,0.0030554031197459024,-0.6970685585887725,0.7169867470294117,keyframes_lidar/keyframe_000284.pcd,3417
285,1788255004497210112,1788255004.497210026,map,6.211525001172024,18.099952153323354,0.08422616129062221,0.002408222932592304,0.004765532491896495,-0.697104556925683,0.7169495985603334,keyframes_lidar/keyframe_000285.pcd,3391
286,1788255009497453568,1788255009.497453690,map,6.168452222848983,19.04709495606477,0.09135040315358868,-0.0013717934343216414,0.007897660662101336,-0.696921044620657,0.717103062818513,keyframes_lidar/keyframe_000286.pcd,3420
287,1788255014595664640,1788255014.595664740,map,6.12275346153454,20.029785746317938,0.10034290738457494,-0.007408713653929754,0.0031464101419482818,-0.6970051414479238,0.7170209507820343,keyframes_lidar/keyframe_000287.pcd,3384
288,1788255019597371904,1788255019.597371817,map,6.0736798142925075,20.981960946333505,0.09574684907567264,-0.008960694408457405,0.00216211716738755,-0.6968051659614527,0.717201221342034,keyframes_lidar/keyframe_000288.pcd,3422
289,1788255024697159168,1788255024.697159290,map,6.023630321388813,21.95474601919918,0.08377582120103855,-0.006442646702773432,0.0015575489081803074,-0.6965959138196777,0.7174330625184416,keyframes_lidar/keyframe_000289.pcd,3348
290,1788255029697498624,1788255029.697498560,map,5.975997791234506,22.91193714686634,0.07484797232028892,-0.004436883322668136,0.0020467703890048213,-0.6962256522624176,0.717806356846418,keyframes_lidar/keyframe_000290.pcd,3475
291,1788255034796001280,1788255034.796001196,map,5.950981705332539,23.39792430010933,0.07014342700661397,-0.004281471307744742,0.004267133136792205,-0.6959138722898016,0.7180998140459638,keyframes_lidar/keyframe_000291.pcd,3369
292,1788255039797444608,1788255039.797444582,map,5.904176133381213,24.333511820101535,0.0701306842565333,-0.005235698809480882,0.003497172939261836,-0.695741146743193,0.7182650026054982,keyframes_lidar/keyframe_000292.pcd,3386
293,1788255044897158144,1788255044.897158146,map,5.931231718269455,23.82556334100379,0.07283113653299732,-0.005510661450909722,0.004044453843165278,-0.6957718088131851,0.7182303704691919,keyframes_lidar/keyframe_000293.pcd,3365
294,1788255049897717504,1788255049.897717476,map,5.982118309647068,22.869479664171372,0.07698827605379327,-0.005072487031920358,0.0018822236358083705,-0.6947046058298368,0.7192747998840964,keyframes_lidar/keyframe_000294.pcd,3397
295,1788255054997151488,1788255054.997151375,map,6.032364336599033,21.8965676121223,0.08459134381281988,-0.006900474584367389,0.001471175112606881,-0.6957144775348664,0.7182837773768015,keyframes_lidar/keyframe_000295.pcd,3395
296,1788255059997569280,1788255059.997569323,map,6.080982430515966,20.94815531432535,0.09653312508284345,-0.009281798620752972,0.002077128430488016,-0.6958438844082089,0.7181300872986331,keyframes_lidar/keyframe_000296.pcd,3394
297,1788255065097024000,1788255065.097023964,map,6.135129143702375,19.974696954612686,0.10033043397973979,-0.007794218350500533,0.0028714950926278585,-0.695050025138763,0.7189133934145634,keyframes_lidar/keyframe_000297.pcd,3390
298,1788255070097392896,1788255070.097392797,map,6.184390949384337,19.01398436486228,0.0916090388521939,-0.002055472686117495,0.008375064485011621,-0.6956109858234251,0.718366890751983,keyframes_lidar/keyframe_000298.pcd,3379
299,1788255075097447424,1788255075.097447395,map,6.228584301806533,18.055681923939336,0.08383723887516117,0.001294277973447794,0.005257803249148109,-0.6954507807324326,0.7185533326957512,keyframes_lidar/keyframe_000299.pcd,3404
300,1788255080197450496,1788255080.197450399,map,6.2764025664658,17.0804891746407,0.0749308109485089,0.002777797363928174,0.002864174584283214,-0.6947349268976575,0.7192547960870768,keyframes_lidar/keyframe_000300.pcd,3357
301,1788255085297628416,1788255085.297628403,map,6.320270686469462,16.109331261033095,0.0778361601909795,0.000745996653402591,-0.00034682472805682774,-0.6959139842818999,0.7181246755839077,keyframes_lidar/keyframe_000301.pcd,3411
302,1788255090397352448,1788255090.397352457,map,6.36990999498305,15.140098178545339,0.08584515095482845,-0.005475352052927432,0.00010497214438887046,-0.6970362116135562,0.7170150132320573,keyframes_lidar/keyframe_000302.pcd,3441
303,1788255095397918976,1788255095.397918940,map,6.419008226300696,14.182613254760946,0.08995248634905859,-0.0028791033234238732,0.00015380390481688804,-0.6956531005044878,0.718372083858292,keyframes_lidar/keyframe_000303.pcd,3397
304,1788255100497888256,1788255100.497888327,map,6.466136832655818,13.21259629242917,0.10782919168536206,-0.0011069520754842048,-0.005905237663419864,-0.6949798437344447,0.7190041165585134,keyframes_lidar/keyframe_000304.pcd,3456
305,1788255105497908480,1788255105.497908592,map,6.5029355585783915,12.261620157575083,0.11923359071014336,0.0048052880675592885,-0.012034151058579835,-0.6956591221957033,0.718255159480801,keyframes_lidar/keyframe_000305.pcd,3380
306,1788255110597708800,1788255110.597708702,map,6.549695566312866,11.277468156286375,0.11077992940993314,0.011819788363039228,-0.0077443909406026525,-0.6960125248716513,0.7178905781759511,keyframes_lidar/keyframe_000306.pcd,3443
307,1788255115697577728,1788255115.697577715,map,6.592972105577987,10.306195971932254,0.10488699367737438,0.012211194630785288,-0.006463531890239956,-0.6965497536424485,0.7173754597014296,keyframes_lidar/keyframe_000307.pcd,3471
308,1788255120697698304,1788255120.697698355,map,6.6447552931659875,9.351028890814339,0.09295710419799605,0.006034308515483306,0.0015118902257707084,-0.6980377470395135,0.7160339412462831,keyframes_lidar/keyframe_000308.pcd,3447
309,1788255125797532160,1788255125.797532082,map,6.692911526393389,8.373641069471242,0.0875404166227858,0.0016143237063000857,0.0030321588471494375,-0.6985781718485848,0.7155254976507727,keyframes_lidar/keyframe_000309.pcd,3447
310,1788255130897400320,1788255130.897400379,map,6.741339665302844,7.404904718287981,0.08756794235621382,-0.0035367480763106324,0.004454115774844404,-0.6983702522828489,0.7157140790791383,keyframes_lidar/keyframe_000310.pcd,3449
311,1788255135897434112,1788255135.897434235,map,6.783257908666794,6.450918189675445,0.08719840691638504,-0.0023771757939077464,0.003126697065636979,-0.6983371827880843,0.7157581658188095,keyframes_lidar/keyframe_000311.pcd,3451
312,1788255140997317888,1788255140.997317791,map,6.829632764163391,5.475054338886944,0.08768496390287507,-0.002736129644216494,0.002434061324538602,-0.6978882317051274,0.7161973226615197,keyframes_lidar/keyframe_000312.pcd,3445
313,1788255145997403136,1788255145.997403145,map,6.879302708781435,4.531067860022226,0.09636842541007626,-0.006507006769329857,0.0010503671999084955,-0.6974102389588158,0.7166418311730463,keyframes_lidar/keyframe_000313.pcd,3388
314,1788255151097914368,1788255151.097914457,map,6.92977318862056,3.560756490343645,0.1034298076362896,-0.0069106104536692265,0.0002890984134108869,-0.6970974033347627,0.7169430731579713,keyframes_lidar/keyframe_000314.pcd,3299
315,1788255156197836800,1788255156.197836876,map,6.980367839813238,2.5958718823479154,0.12290591177499133,-0.00820060537118716,-0.002662629248345764,-0.6960532987194167,0.7179383440232529,keyframes_lidar/keyframe_000315.pcd,3193
316,1788255161197842688,1788255161.197842598,map,7.035213140273839,1.6544659395696224,0.1527651897686662,-0.008473103092494834,-0.010883892078663459,-0.6942860679871664,0.7195669553391982,keyframes_lidar/keyframe_000316.pcd,3178
317,1788255164897829888,1788255164.897830009,map,7.067716808712293,0.6368873361294259,0.13288201675240877,0.008942696843906977,0.003479841870825081,-0.6996079758269077,0.7144624546000224,keyframes_lidar/keyframe_000317.pcd,3406
318,1788255167997015296,1788255167.997015238,map,7.108851425861104,-0.37418928027208653,0.1323197141911664,0.004357737985442144,-0.0019028336474731938,-0.6987245426047586,0.7153750085832824,keyframes_lidar/keyframe_000318.pcd,3131
319,1788255173097732608,1788255173.097732544,map,7.167635407025295,-0.3628873295233889,0.13399469282157003,0.003683185360791318,-0.0023223890290044423,-0.6658714802693123,0.7460537597376954,keyframes_lidar/keyframe_000319.pcd,3138
320,1788255178197606656,1788255178.197606564,map,6.4620398484092245,-0.2696233783529006,0.1253738009086134,-0.006329755389616893,-0.0012570515871740465,0.9554862901048653,-0.29496491899827,keyframes_lidar/keyframe_000320.pcd,3208
321,1788255183297458688,1788255183.297458649,map,6.759203865812645,0.07420166036754267,0.13211837374151722,-0.006791211487125599,-0.0052120849087569,0.9996896086217353,-0.023396581612762608,keyframes_lidar/keyframe_000321.pcd,3354
322,1788255186297675008,1788255186.297675133,map,7.775865684413223,0.1419627530241084,0.14495042462034985,-0.00944174594348085,-0.006757931214065843,0.999671913536957,-0.022830880066346978,keyframes_lidar/keyframe_000322.pcd,3300
323,1788255189297237248,1788255189.297237158,map,8.798712542323347,0.21405621230433625,0.16494159804261577,-0.002508057841694302,-0.006284950408603964,0.9996787787759666,-0.02442433846015402,keyframes_lidar/keyframe_000323.pcd,3203
324,1788255192295905792,1788255192.295905828,map,9.818998043564301,0.2829048972483143,0.17084775605865743,-0.0023438801609273474,-0.00467459456767388,0.999622623892278,-0.026967836289489226,keyframes_lidar/keyframe_000324.pcd,3222
325,1788255195297456640,1788255195.297456741,map,10.835025679587348,0.35761514605788025,0.17534539862350745,-0.0028375564166207607,-0.005020315212529579,0.9995562971532659,-0.02922248329627987,keyframes_lidar/keyframe_000325.pcd,3172
326,1788255198297511168,1788255198.297511101,map,11.841643091536962,0.440530098375146,0.1788555363881416,-0.0061267498337708535,-0.00781565957628933,0.9995129141270536,-0.029585687335390486,keyframes_lidar/keyframe_000326.pcd,3345
327,1788255201297270016,1788255201.297270060,map,12.862056251811952,0.5191708588802227,0.20095355155982803,-0.0031748173491881614,-0.009392997035054943,0.9993933161640941,-0.03338699968601284,keyframes_lidar/keyframe_000327.pcd,3446
328,1788255204296021504,1788255204.296021461,map,13.873130034633311,0.6101090322354883,0.20832613565707025,-0.0039017077094385287,-0.007374911100211251,0.999489869861937,-0.030828353938904728,keyframes_lidar/keyframe_000328.pcd,3481
329,1788255209297640192,1788255209.297640085,map,14.783195229625761,0.689157853298281,0.21606013176058966,-0.005041146341384483,-0.005051820055716169,0.9994677633349501,-0.03183168251791936,keyframes_lidar/keyframe_000329.pcd,3443
330,1788255214395326976,1788255214.395326853,map,15.755451991115176,0.7743487521931035,0.22766717723256052,-0.005500376009941781,-0.004891273142251426,0.999384714175962,-0.03429306609546943,keyframes_lidar/keyframe_000330.pcd,3404
331,1788255219397940992,1788255219.397940874,map,15.717722770147573,0.7733577732468386,0.22598885787359238,-0.00522256310629571,-0.004640688052771273,0.9994443302313792,-0.032591710868674545,keyframes_lidar/keyframe_000331.pcd,3370
332,1788255224495861504,1788255224.495861530,map,15.888197005162489,0.6554319267954143,0.22598104255330503,-0.005796168745779494,-0.004632419576163874,0.9907623431602399,-0.13540651569393522,keyframes_lidar/keyframe_000332.pcd,3381
333,1788255229497509888,1788255229.497509956,map,16.515557992604382,0.3447065912183561,0.23124996179499752,0.0032549428815916775,0.000842290276387039,-0.7790794961190897,0.6269161304518758,keyframes_lidar/keyframe_000333.pcd,3092
334,1788255234497726464,1788255234.497726440,map,16.732548880630794,0.3884391452727373,0.23494870249207533,0.0031632781447948196,-0.0003367098153884343,-0.6664033602673409,0.745584630824882,keyframes_lidar/keyframe_000334.pcd,3112
335,1788255239497822976,1788255239.497823000,map,16.642947651634564,0.638220136437303,0.23348174825324103,0.003311928767242353,-0.0006152755891750476,-0.7094986709238964,0.7046987218102604,keyframes_lidar/keyframe_000335.pcd,3158
336,1788255244597563136,1788255244.597563028,map,16.613089865765946,1.5974675673911725,0.23347273591794146,0.005438636001428831,0.0006351388677967447,-0.7273184133283718,0.6862783279913205,keyframes_lidar/keyframe_000336.pcd,3187
337,1788255249597635584,1788255249.597635508,map,16.614837285725965,1.5825403315760844,0.23402400504188375,0.005434879430447485,0.001028840234185919,-0.7257756715822922,0.6879092077539172,keyframes_lidar/keyframe_000337.pcd,3190
338,1788255254697622528,1788255254.697622538,map,16.607661230190484,1.4657109210777788,0.23278749523639386,0.005901156387155845,0.001838399677689205,-0.7287500559427342,0.6847518912740448,keyframes_lidar/keyframe_000338.pcd,2984
339,1788255259797538048,1788255259.797538042,map,16.590402609789816,1.312908621819748,0.23397205653218545,0.0071607217060566655,0.002384074641108159,-0.7331766490189675,0.6799963540976318,keyframes_lidar/keyframe_000339.pcd,2988
340,1788255264897290496,1788255264.897290468,map,16.600130516183018,1.3170294465260102,0.23094492661525948,0.006927078375142846,0.0023472557200603316,-0.731161610180979,0.682165086891236,keyframes_lidar/keyframe_000340.pcd,2231
341,1788255269897563136,1788255269.897563219,map,16.66540284137546,0.968043550667378,0.23797005776354174,0.003893959044727976,-0.0010237823225170328,-0.6990911226277428,0.7150212522826134,keyframes_lidar/keyframe_000341.pcd,2759
342,1788255274996953600,1788255274.996953487,map,16.841572165926692,0.3343603669026334,0.2350135955340864,0.0036246950025071198,0.0005217686180986418,-0.6697584709913623,0.7425699831524033,keyframes_lidar/keyframe_000342.pcd,2799
343,1788255279997433856,1788255279.997433901,map,16.840172880224646,0.33772020493780497,0.23404701000847414,0.0033238158016695904,0.00029580684296898045,-0.6696257662521768,0.7426911861049743,keyframes_lidar/keyframe_000343.pcd,3167
344,1788255285096934144,1788255285.096934080,map,16.90684727376122,0.3653018467589028,0.23521478397039208,0.003203639982920568,0.00013688290433795604,-0.6307500859683594,0.7759794114567973,keyframes_lidar/keyframe_000344.pcd,3165
345,1788255290097196544,1788255290.097196579,map,16.841940854161336,0.33477860441983887,0.2339379577525006,0.003348484138913779,0.00025369117548665413,-0.6687924798529095,0.7434415526367589,keyframes_lidar/keyframe_000345.pcd,3061
346,1788255295097416192,1788255295.097416162,map,16.81070666470208,0.45007952570333437,0.2322657854287852,0.0024383788016644255,0.00011115053234726549,-0.680229139592024,0.7329954703845539,keyframes_lidar/keyframe_000346.pcd,2967
347,1788255300097692416,1788255300.097692490,map,16.778430054059765,0.7957549664818943,0.23448029810790802,0.0024434721887334277,-0.0010637806289379003,-0.6788202756901323,0.7342996194513581,keyframes_lidar/keyframe_000347.pcd,3124
348,1788255305197476352,1788255305.197476387,map,16.75974667513811,0.7927999495468818,0.2347891631075047,0.00258558319187052,-0.0010523154162330286,-0.688440488633156,0.7252874609438414,keyframes_lidar/keyframe_000348.pcd,3115
349,1788255310297639424,1788255310.297639370,map,16.72967982916289,0.8043713580320974,0.2353905029868776,0.0025220595555511295,-0.0012648540165568938,-0.7083974184215877,0.7058081445644738,keyframes_lidar/keyframe_000349.pcd,3150
350,1788255313997516288,1788255313.997516394,map,16.70541542705986,1.827379169634246,0.23769662878007153,0.003436096919569768,-0.00112689137718038,-0.6904220248445107,0.723397781972954,keyframes_lidar/keyframe_000350.pcd,3202
351,1788255319097509888,1788255319.097509861,map,16.647568097229847,2.787334728090278,0.2377355630662531,-0.0019562358141655247,-0.0040311645771280834,-0.6973970755155038,0.7166709439596489,keyframes_lidar/keyframe_000351.pcd,3058
352,1788255324197196032,1788255324.197196007,map,16.603217166416297,3.7632970120312885,0.22520129653722507,-0.0019278025112045689,-0.0001812162717329648,-0.6983911700046076,0.7157136469271326,keyframes_lidar/keyframe_000352.pcd,3184
353,1788255329198085632,1788255329.198085546,map,16.55522929778822,4.712298563341001,0.22468373199948782,0.004175264426018843,-0.004284368648206859,-0.6985776728473609,0.715509221709563,keyframes_lidar/keyframe_000353.pcd,3341
354,1788255334297267200,1788255334.297267199,map,16.50429041721017,5.687708760244987,0.22156481866940245,0.006897820096737209,-0.006816853062014666,-0.6987173712853965,0.7153320806843977,keyframes_lidar/keyframe_000354.pcd,3354
355,1788255339298124800,1788255339.298124790,map,16.457930987064397,6.637906439470436,0.22063450057087658,0.009693322139092703,-0.008781481224514791,-0.6973999028119305,0.7165628378944314,keyframes_lidar/keyframe_000355.pcd,3318
356,1788255344396931328,1788255344.396931410,map,16.418838412013088,7.61351874584504,0.21585525010463721,0.006438305858034723,-0.0007436775794569849,-0.6969790343142884,0.7170622154929502,keyframes_lidar/keyframe_000356.pcd,3369
357,1788255349398010368,1788255349.398010492,map,16.374696359691065,8.561832062125214,0.2194457530738379,0.006546383193025508,0.0024990269865008768,-0.696519691380198,0.7175034628842184,keyframes_lidar/keyframe_000357.pcd,3266
358,1788255354497962240,1788255354.497962236,map,16.326443213661697,9.538190199438473,0.23419048954555988,0.0028169272054495947,0.0006685751582944799,-0.6964401298274452,0.7176090603485358,keyframes_lidar/keyframe_000358.pcd,3334
359,1788255359597743360,1788255359.597743273,map,16.270270860754067,10.506988761428934,0.2394749110473465,0.00399748971085803,-0.0023696076957087676,-0.6959407179957622,0.7180842026328967,keyframes_lidar/keyframe_000359.pcd,3438
360,1788255364597826048,1788255364.597826004,map,16.221466143885326,11.474830139992521,0.24143801661704106,-0.0006687298579647789,-0.009680348695690169,-0.6960686561292929,0.7179096528142431,keyframes_lidar/keyframe_000360.pcd,3421
361,1788255369697982208,1788255369.697982311,map,16.164168413792424,12.444245250556898,0.2226182329618242,0.005299337927978688,-0.009751729337388238,-0.6950609885431536,0.718865107650851,keyframes_lidar/keyframe_000361.pcd,3351
362,1788255374797335296,1788255374.797335386,map,16.11407532159735,13.420001359121738,0.21496382291779248,0.004158555873442541,-0.00266236155459953,-0.6943841381977619,0.7195875810930534,keyframes_lidar/keyframe_000362.pcd,3321
363,1788255379797683712,1788255379.797683716,map,16.061685682048623,14.373481259365077,0.21440645358185947,0.002117338678230422,-0.003975987504760278,-0.695573332204,0.7184409843034483,keyframes_lidar/keyframe_000363.pcd,3439
364,1788255384897492992,1788255384.897492886,map,16.00848069771042,15.348522962515062,0.21179819142045608,0.0035554195362359816,-0.004398257189061603,-0.6962203420183497,0.7178058579347708,keyframes_lidar/keyframe_000364.pcd,3392
365,1788255389897519616,1788255389.897519588,map,15.958676591473735,16.282336912869003,0.2074418325533096,0.004655605237857181,-0.0048159613794159575,-0.6963945863081349,0.7176278367068707,keyframes_lidar/keyframe_000365.pcd,3421
366,1788255394997275392,1788255394.997275352,map,15.907333586470152,17.2582859555917,0.2073450886124609,0.004794179775459099,-0.006500763054890632,-0.6963189596597645,0.7176870225511454,keyframes_lidar/keyframe_000366.pcd,3350
367,1788255399997445632,1788255399.997445583,map,15.854608044944381,18.210447998769805,0.2022719404063101,0.008529636124469058,-0.00537357081171203,-0.696270472422411,0.717708714784061,keyframes_lidar/keyframe_000367.pcd,3401
368,1788255405095899648,1788255405.095899582,map,15.80750073184624,19.18041949080334,0.20119249172676137,0.007732945135859576,-7.67040342021023e-05,-0.696253785642841,0.7177540398033506,keyframes_lidar/keyframe_000368.pcd,3411
369,1788255410097472512,1788255410.097472429,map,15.765104197033963,20.132908247334687,0.2063557231507868,0.001209113010068698,0.002854208555165088,-0.696404354930645,0.7176429237252221,keyframes_lidar/keyframe_000369.pcd,3371
370,1788255415196812800,1788255415.196812868,map,15.713871783713449,21.09749896604401,0.21205894548000415,0.0012532881649232953,0.0032315995344648295,-0.6964961538720149,0.7175521539753854,keyframes_lidar/keyframe_000370.pcd,3386
371,1788255420197457152,1788255420.197457075,map,15.667148089782941,22.049934379455223,0.2165015030035476,-0.0010652066592155682,0.001430285213511953,-0.6968612851754747,0.7172037150228427,keyframes_lidar/keyframe_000371.pcd,3315
372,1788255425294778624,1788255425.294778585,map,15.617194219540286,23.02541119480721,0.21736473113714141,-0.0024875271661807365,-0.0012934075063375143,-0.6968867596027428,0.7171756992508942,keyframes_lidar/keyframe_000372.pcd,3372
373,1788255430297234432,1788255430.297234535,map,15.563842099999507,23.98412078134887,0.21490894516863493,0.001840009908786125,-0.0043875745148939166,-0.6970674045402165,0.716989816581085,keyframes_lidar/keyframe_000373.pcd,3394
374,1788255435297312256,1788255435.297312260,map,15.52136893656612,24.801110698770536,0.21252914148723762,0.0012380451328428657,-0.008374213362348636,-0.6958452813505529,0.7181418273690656,keyframes_lidar/keyframe_000374.pcd,3396
375,1788255440397610496,1788255440.397610426,map,15.575428398709676,23.852229877470645,0.21679521943655225,0.001300766249148938,-0.004077567863665847,-0.69537568757932,0.7186336581117463,keyframes_lidar/keyframe_000375.pcd,3490
376,1788255445496632832,1788255445.496632814,map,15.631797193978837,22.8744721897767,0.21874411764347235,-0.002049806579308869,-0.0007895196332918134,-0.695754807101115,0.7182760077765554,keyframes_lidar/keyframe_000376.pcd,3384
377,1788255450497509632,1788255450.497509718,map,15.684912494344584,21.91748535979597,0.21699748211883094,-0.0014835048437528099,0.0013687800824355445,-0.6955780426715736,0.7184477101415574,keyframes_lidar/keyframe_000377.pcd,3363
378,1788255455596285696,1788255455.596285582,map,15.735052137807182,20.942763246397337,0.2106783722007955,0.0009037275780965535,0.004176828768038219,-0.6955750577772342,0.7184407257221048,keyframes_lidar/keyframe_000378.pcd,3371
379,1788255460597450240,1788255460.597450256,map,15.78101389390641,19.988624648067496,0.20615091632985635,0.001456029329971651,0.003149488750318757,-0.695980925620101,0.718051886615577,keyframes_lidar/keyframe_000379.pcd,3384
380,1788255465597594624,1788255465.597594500,map,15.831591881369834,19.032921721449448,0.20122254589851468,0.005960482347961504,-0.0011592080027141407,-0.6939055691110999,0.7200404086185627,keyframes_lidar/keyframe_000380.pcd,3431
381,1788255470598234368,1788255470.598234415,map,15.872561318056775,18.076503278754394,0.20254739043671105,0.00785148513454665,-0.0056622120365860795,-0.6952720058475146,0.7186815229437921,keyframes_lidar/keyframe_000381.pcd,3375
382,1788255475698040064,1788255475.698040009,map,15.920102312419084,17.10373164064745,0.207710907139815,0.0043132499930871775,-0.006841188862625873,-0.6964152613699457,0.717593462721389,keyframes_lidar/keyframe_000382.pcd,3328
383,1788255480698181888,1788255480.698181868,map,15.972112401148195,16.146988717589302,0.20976348646901352,0.0040460792026331144,-0.005210120255111504,-0.6955461303187641,0.7184511566478311,keyframes_lidar/keyframe_000383.pcd,3371
384,1788255485797446912,1788255485.797446966,map,16.022884772947812,15.176473114849442,0.21330814109476845,0.003324431619401637,-0.004079802340432994,-0.6955951584797562,0.7184146983927833,keyframes_lidar/keyframe_000384.pcd,3400
385,1788255490797918208,1788255490.797918320,map,16.07189313556546,14.220031146585418,0.2185202335745104,0.0014456112183633184,-0.004579796873662855,-0.6960192365460471,0.718007073799875,keyframes_lidar/keyframe_000385.pcd,3415
386,1788255495897006080,1788255495.897006035,map,16.126536472758588,13.242253694390064,0.21611181585171588,0.004296283537040365,-0.003327442223979477,-0.6940723589585267,0.7198847342497003,keyframes_lidar/keyframe_000386.pcd,3331
387,1788255500997924096,1788255500.997924089,map,16.17681724704734,12.278300462854688,0.22580816922291963,0.004084148693144519,-0.010374371997626409,-0.6937212892751367,0.7201572501485696,keyframes_lidar/keyframe_000387.pcd,3407
388,1788255506097705472,1788255506.097705364,map,16.231917823994127,11.308310220575867,0.24622372316236193,-0.0010378094600131526,-0.009927574416407686,-0.6946992762130696,0.7192310350970464,keyframes_lidar/keyframe_000388.pcd,3400
389,1788255511197792000,1788255511.197792053,map,16.287328042622818,10.33331040634583,0.24125645672524568,0.004199874782285249,-0.0019641178415651444,-0.6947558666106896,0.7192306925479109,keyframes_lidar/keyframe_000389.pcd,3467
390,1788255516297492480,1788255516.297492504,map,16.341767058624438,9.35621811796127,0.23259951265158582,0.003360338670945286,0.0014858225408194503,-0.6955257487195633,0.7184917767960081,keyframes_lidar/keyframe_000390.pcd,3322
391,1788255521297590528,1788255521.297590494,map,16.39167242595552,8.3992543852331,0.22092445335223254,0.00562536547804301,0.0020647666724630137,-0.6943271579100477,0.7196345529436331,keyframes_lidar/keyframe_000391.pcd,3357
392,1788255526397522944,1788255526.397522926,map,16.43831410887698,7.423426460952624,0.2178939881100319,0.005232196335929567,-0.0012334300624209462,-0.694807776797824,0.7191754000750086,keyframes_lidar/keyframe_000392.pcd,3363
393,1788255531497436160,1788255531.497436047,map,16.474184552731582,6.454853997334837,0.2244905718278061,0.008711117668632435,-0.008998654407587351,-0.696179014135714,0.7177589573978449,keyframes_lidar/keyframe_000393.pcd,3271
394,1788255536497524224,1788255536.497524261,map,16.517544050901247,5.499068931955954,0.22635614343183424,0.0052905680473088025,-0.0072568447744761335,-0.6974547576985087,0.7165725427738426,keyframes_lidar/keyframe_000394.pcd,3338
395,1788255541597493760,1788255541.597493887,map,16.56921413566713,4.525718155758834,0.22445313916869938,0.004252709740455487,-0.003770780259835908,-0.69741655175112,0.7166434601806346,keyframes_lidar/keyframe_000395.pcd,3239
396,1788255546597527552,1788255546.597527504,map,16.614822256751278,3.5733202047884665,0.22802746554007033,-0.003073789997407428,-0.0009666028614059445,-0.698314727419034,0.7157835978587667,keyframes_lidar/keyframe_000396.pcd,3171
397,1788255551697330944,1788255551.697330952,map,16.657825608190887,2.6086600522495864,0.24407102450258394,-0.0029591175127071452,-0.00514474605619354,-0.6972212692200461,0.7168314146009168,keyframes_lidar/keyframe_000397.pcd,3052
398,1788255556497150720,1788255556.497150660,map,16.700708828858208,1.5567159129991146,0.2332405504740836,0.005267949105383277,0.0017387495213711838,-0.6978497267674292,0.716222719768753,keyframes_lidar/keyframe_000398.pcd,3146
399,1788255560495612672,1788255560.495612621,map,16.758553472476155,0.5316620810285938,0.23374868167951607,0.00382600729895809,-7.183270884168942e-05,-0.6951547473615123,0.7188499382548227,keyframes_lidar/keyframe_000399.pcd,3080
400,1788255565497306112,1788255565.497306108,map,16.310827692441176,0.41482407418056544,0.22846043128203875,-0.00398964553042628,-0.001939335539185004,0.8944517661014162,-0.4471424379593886,keyframes_lidar/keyframe_000400.pcd,3155
401,1788255570596834560,1788255570.596834660,map,15.879022806841483,0.9230022586957591,0.22757920488453387,-0.00600778850512974,-0.005278026512014149,0.9986949112426996,0.050443266858447945,keyframes_lidar/keyframe_000401.pcd,3404
402,1788255574997127936,1788255574.997128010,map,16.88830891977581,0.8778355658383084,0.23862515838319293,-0.0026917403800962403,-0.005762745895484332,0.9999585384886395,0.006516640018779517,keyframes_lidar/keyframe_000402.pcd,3363
403,1788255577996813824,1788255577.996813774,map,17.904996557431474,0.8843260982297296,0.24499188139285605,-0.004722895367171224,-0.006293005845804963,0.999958598391675,0.004570977940467584,keyframes_lidar/keyframe_000403.pcd,3389
404,1788255582997546240,1788255582.997546196,map,18.877918320853823,0.8962754246250683,0.254558244533776,-0.0029121112887956716,-0.006728515781764464,0.9999654511765442,0.003917031593783066,keyframes_lidar/keyframe_000404.pcd,3384
405,1788255588096059904,1788255588.096059799,map,19.28436574925013,0.465803829242289,0.2548187369105076,-0.002761258358635573,-0.0020484499122578044,0.9014559413979767,-0.43285721089468004,keyframes_lidar/keyframe_000405.pcd,3084
406,1788255593098577664,1788255593.098577738,map,19.848777790416268,0.48808579290693405,0.2591555019615554,0.0012512376071112503,0.0010541735353597117,-0.6392737548746532,0.7689774960628366,keyframes_lidar/keyframe_000406.pcd,2575
407,1788255598197038848,1788255598.197038889,map,19.922566995431634,0.14730223068646292,0.2587961970493497,0.0012979306244239285,0.0012915657525859076,-0.6382087035360674,0.7698612199382515,keyframes_lidar/keyframe_000407.pcd,2476
408,1788255603198336000,1788255603.198335886,map,19.823802173216734,0.11555685163443012,0.25834521376083797,0.0009205525462187738,0.0004718563181917033,-0.6964041673870789,0.7176490546085419,keyframes_lidar/keyframe_000408.pcd,2673
409,1788255608297120512,1788255608.297120571,map,19.76979884467978,0.3042766877974551,0.2577662915556052,0.00121645347525671,0.0015228873016564135,-0.7239193333366765,0.6898818738571053,keyframes_lidar/keyframe_000409.pcd,2707
410,1788255613297257984,1788255613.297257900,map,19.741902390835445,0.6049538366017906,0.2574187738188016,0.0015616837408759167,0.0013983032883054056,-0.7634057877287387,0.6459157910703776,keyframes_lidar/keyframe_000410.pcd,2811
411,1788255618297868544,1788255618.297868490,map,19.94322795586064,0.29130284761942177,0.2600701498065281,0.001887037252432991,0.0016783471756056962,-0.6750680350675539,0.7377511574177286,keyframes_lidar/keyframe_000411.pcd,2488
412,1788255623397046016,1788255623.397046089,map,19.85445098418705,0.13584895831890714,0.25963292627882384,0.0008913192216900079,0.0004781697875481814,-0.7372762303006456,0.6755906579707632,keyframes_lidar/keyframe_000412.pcd,2698
413,1788255628498099456,1788255628.498099566,map,19.81654275976129,0.3585322665462117,0.25753243864532815,0.0016977834964525176,0.0016339094383646653,-0.7620648854559344,0.647496376998497,keyframes_lidar/keyframe_000413.pcd,2737
414,1788255633596837888,1788255633.596837997,map,19.951475178052238,0.9334446327950209,0.2595061437230489,0.002584596785366858,0.00046863553720313215,-0.6901310601215875,0.7236796391329827,keyframes_lidar/keyframe_000414.pcd,2493
415,1788255637097452800,1788255637.097452879,map,19.903431382704813,1.9426859235932095,0.26256022398310963,0.006594576910868379,0.0013911882848111749,-0.7052883348950426,0.7088885249540305,keyframes_lidar/keyframe_000415.pcd,2561
416,1788255642097717248,1788255642.097717285,map,19.87034225505675,2.9253424801160914,0.2655695710384641,0.005190810275266948,-0.006426846512783568,-0.6977351707764268,0.7163081617531508,keyframes_lidar/keyframe_000416.pcd,2509
417,1788255647197819648,1788255647.197819710,map,19.83085659363242,3.890401792237035,0.26249628614067577,0.005591698053716903,-0.00020975157620874098,-0.6961600066698977,0.7178648438463333,keyframes_lidar/keyframe_000417.pcd,2570
418,1788255652297591040,1788255652.297590971,map,19.789578164253204,4.8689819538778725,0.2702282879521298,-0.0015535110619756241,0.0031021045757008685,-0.6958585256017712,0.7181705061459368,keyframes_lidar/keyframe_000418.pcd,2625
419,1788255657396397312,1788255657.396397352,map,19.737429648126177,5.841655669917575,0.2661326625708733,-0.0049518397138921125,0.002789761938167636,-0.6954748828969788,0.7185279283167845,keyframes_lidar/keyframe_000419.pcd,2674
420,1788255662396567040,1788255662.396567106,map,19.690974260804794,6.800733639993253,0.2679359589587472,-0.006520147653753766,0.0015832337515830858,-0.6959715873398115,0.7180379729938831,keyframes_lidar/keyframe_000420.pcd,2685
421,1788255667397308672,1788255667.397308588,map,19.638772678810085,7.751240903144317,0.2478340442809491,-0.003832700060160949,0.003615404801812192,-0.6963368329839879,0.717695795088837,keyframes_lidar/keyframe_000421.pcd,2771
422,1788255672397391360,1788255672.397391319,map,19.585182638614032,8.699125311809123,0.25114482038264485,0.004692695150727098,0.003587598596287425,-0.6956295706946014,0.7183763694079719,keyframes_lidar/keyframe_000422.pcd,2706
423,1788255677497173248,1788255677.497173309,map,19.533749713822225,9.682104899133648,0.2692359773876379,-0.0010558035996263491,-0.004543180760756119,-0.6954933930015328,0.7185173519676125,keyframes_lidar/keyframe_000423.pcd,2715
424,1788255682497421568,1788255682.497421503,map,19.487086159209678,10.639509712654862,0.2542791911878591,-0.0030466819685515912,-0.0021453769084780042,-0.6951963574058214,0.718810225119663,keyframes_lidar/keyframe_000424.pcd,2762
425,1788255687497473024,1788255687.497473001,map,19.436020662797237,11.590017711132823,0.24696862324408347,-0.003235875808339458,0.0021539507657406544,-0.6951249256233507,0.7188784510478687,keyframes_lidar/keyframe_000425.pcd,2822
426,1788255692497498624,1788255692.497498512,map,19.390259143488226,12.545943359378942,0.24519933318219783,-0.010338456901290111,0.0034006008637148706,-0.6957156112048468,0.7182348783987954,keyframes_lidar/keyframe_000426.pcd,2982
427,1788255697497574400,1788255697.497574329,map,19.338896057460037,13.511129479908819,0.2252263538941552,-0.012490223917578753,0.0033824817121393836,-0.6955363743532103,0.7183743488429601,keyframes_lidar/keyframe_000427.pcd,3041
428,1788255702597806336,1788255702.597806454,map,19.29061185771955,14.480016199484668,0.20682537680770818,-0.0075795441446104015,0.010270977767730049,-0.6957481758449829,0.718172356286869,keyframes_lidar/keyframe_000428.pcd,2858
429,1788255707697238272,1788255707.697238207,map,19.237725326223885,15.450332730495367,0.22221842051136706,-0.007018655056107491,0.008000158411616677,-0.695524638527544,0.7184234219091983,keyframes_lidar/keyframe_000429.pcd,2845
430,1788255712697302272,1788255712.697302341,map,19.183418497831834,16.40872422522632,0.21999023564588358,-0.0013717992854825579,0.005949349093499179,-0.6956315643312952,0.7183727793548969,keyframes_lidar/keyframe_000430.pcd,2792
431,1788255717797321216,1788255717.797321320,map,19.12940763677761,17.380168496689105,0.22366072737605988,0.0010631054859001842,0.004696852928424188,-0.6952985221355462,0.7187049286706055,keyframes_lidar/keyframe_000431.pcd,2786
432,1788255722894799616,1788255722.894799709,map,19.083381205723086,18.346308872417588,0.22806066079409346,-0.0057814873574561255,0.01042428854494119,-0.6951730853961533,0.7187435495036183,keyframes_lidar/keyframe_000432.pcd,2806
433,1788255727897277184,1788255727.897277117,map,19.030118521328173,19.30790053397589,0.22750193034100297,-0.009152161515916779,0.00827706221779666,-0.6945069794419395,0.7193801385130555,keyframes_lidar/keyframe_000433.pcd,2783
434,1788255732996548352,1788255732.996548414,map,18.968959323802384,20.27494170941688,0.2257488206743135,0.004828885150927744,0.0077987079356386406,-0.6943284546230757,0.7195997909417883,keyframes_lidar/keyframe_000434.pcd,2854
435,1788255737998224640,1788255737.998224735,map,18.910354451510166,21.229109373779092,0.2508555744589582,0.0031673659281744827,0.0031179510740213397,-0.6934815826536774,0.7204606447921551,keyframes_lidar/keyframe_000435.pcd,2816
436,1788255743098114816,1788255743.098114729,map,18.852137194253437,22.20868586855654,0.25668723737400834,-0.0017303180786479597,-0.002703104116367358,-0.6927325870400576,0.721187397338772,keyframes_lidar/keyframe_000436.pcd,2913
437,1788255748197432832,1788255748.197432756,map,18.791352743592164,23.18097737093899,0.251311704617467,-0.0023447632893301975,-0.0011709352741987686,-0.6925841989608349,0.7213322801216366,keyframes_lidar/keyframe_000437.pcd,2872
438,1788255753198005504,1788255753.198005438,map,18.760614574463382,23.76523417015429,0.244924414036087,-0.0037326661974993406,0.0029083491051608936,-0.6927390612023042,0.7211727960711571,keyframes_lidar/keyframe_000438.pcd,2848
