keyframe_id,timestamp_ns,timestamp_sec,map_frame,lidar_tx,lidar_ty,lidar_tz,lidar_qx,lidar_qy,lidar_qz,lidar_qw,lidar_cloud_file,point_count
0,1788253577697748480,1788253577.697748423,map,-0.011559134142433078,-0.023858449503446677,0.04422638355382702,0.00702127597962975,-0.00645050139354743,-1.042109076155886e-05,0.9999545452703291,keyframes_lidar/keyframe_000000.pcd,3038
1,1788253582697898496,1788253582.697898388,map,-0.01166402253696745,-0.031003926483037635,0.0582477356796548,0.006608315910255096,-0.004513111150565296,-0.0004334365498836883,0.9999678865450282,keyframes_lidar/keyframe_000001.pcd,3060
2,1788253587797649664,1788253587.797649622,map,-0.013870078141789097,-0.028637874136023613,0.05536926499882667,0.006455188493938002,-0.005407838216857785,0.0003052482870399302,0.9999644956951278,keyframes_lidar/keyframe_000002.pcd,3063
3,1788253592797704192,1788253592.797704220,map,-0.012723158005194635,-0.02938004385238908,0.057022828816864234,0.0066402810155639785,-0.004773036500487771,-8.762270531457326e-05,0.9999665579972467,keyframes_lidar/keyframe_000003.pcd,3043
4,1788253597897544960,1788253597.897544861,map,-0.012321720946794085,-0.02981175213585243,0.05784501911526303,0.006705947233188481,-0.00530945764545967,-0.00021517181422091145,0.9999633961462325,keyframes_lidar/keyframe_000004.pcd,3058
5,1788253602997635328,1788253602.997635365,map,-0.01249907913221667,-0.0321125977084073,0.05840201936947904,0.006626259728612651,-0.005756522418367328,-4.31442864880828e-05,0.9999614758930598,keyframes_lidar/keyframe_000005.pcd,3102
6,1788253608097356288,1788253608.097356319,map,-0.012272275385630407,-0.03142727608648297,0.05845185535850342,0.006572833890455831,-0.00495426525502056,-0.00045306205832551646,0.9999660233453949,keyframes_lidar/keyframe_000006.pcd,3023
7,1788253613197507072,1788253613.197507143,map,-0.013846929209297315,-0.029879475148873298,0.058030498413403686,0.006651623778136806,-0.004917954107193743,-0.00048037515531607907,0.9999656688447979,keyframes_lidar/keyframe_000007.pcd,3084
8,1788253618197527040,1788253618.197526932,map,-0.013696421372077085,-0.031210756343301883,0.058355173453181364,0.006625199505801485,-0.005439683850258463,0.00016674640944382957,0.9999632437078638,keyframes_lidar/keyframe_000008.pcd,3081
9,1788253623297146880,1788253623.297146797,map,-0.013670211730712686,-0.030083362310096177,0.05856822508503604,0.0065943140425906484,-0.004691470754124585,-0.00013767216328522335,0.9999672425488978,keyframes_lidar/keyframe_000009.pcd,3037
10,1788253628297162240,1788253628.297162294,map,-0.013603363041370511,-0.030426874907539408,0.05791136711786534,0.006514076034064472,-0.005313064130518244,4.298660156031304e-05,0.9999646675333682,keyframes_lidar/keyframe_000010.pcd,3028
11,1788253633397008640,1788253633.397008657,map,-0.013203253548750312,-0.030442907602047573,0.05874482913491233,0.006525581085681,-0.004863562839439026,-0.0003786641865518454,0.9999668090298973,keyframes_lidar/keyframe_000011.pcd,3042
12,1788253638496936448,1788253638.496936321,map,-0.01256705603341506,-0.030032711113291838,0.05820596033926756,0.006630118366159742,-0.0048882397306490265,-0.00038661811049215213,0.9999659980065437,keyframes_lidar/keyframe_000012.pcd,3091
13,1788253643497050368,1788253643.497050285,map,-0.012318511477266252,-0.03145214625233661,0.05845359476612146,0.006440806438676888,-0.004855698041937674,-0.00014753049113737637,0.9999674576923487,keyframes_lidar/keyframe_000013.pcd,3047
14,1788253648596546048,1788253648.596546173,map,-0.01452206519287915,-0.029948400371392268,0.058072450718379486,0.006543976248263418,-0.004593732028000419,-0.00016554770847195912,0.9999680227861657,keyframes_lidar/keyframe_000014.pcd,3049
15,1788253653596652800,1788253653.596652746,map,-0.013016043173607795,-0.03140684769047224,0.058206418930357766,0.006576490296958247,-0.005483636032745767,7.331202302476125e-05,0.999963336396181,keyframes_lidar/keyframe_000015.pcd,3045
16,1788253658695479040,1788253658.695479155,map,-0.013307087806057522,-0.030511325563759784,0.05818085513364552,0.0066355169262669305,-0.004795595541362328,-0.0001284160114494983,0.9999664772820401,keyframes_lidar/keyframe_000016.pcd,3027
17,1788253663696542720,1788253663.696542740,map,-0.013201681680563584,-0.03071043635437483,0.058028868698941895,0.006579950833282897,-0.005486182091147778,-3.672142781620463e-05,0.9999633016789321,keyframes_lidar/keyframe_000017.pcd,3072
18,1788253668795493120,1788253668.795493126,map,-0.013023962320175095,-0.03154444541128958,0.05861630670175497,0.006581844224280744,-0.005047819151152103,-4.200669005435789e-05,0.9999655979501808,keyframes_lidar/keyframe_000018.pcd,3029
19,1788253673796314624,1788253673.796314716,map,-0.013494764638715994,-0.03067440905172587,0.05760803008455724,0.0065914798939841574,-0.005269711148859881,-0.000113444921285909,0.9999643841994897,keyframes_lidar/keyframe_000019.pcd,3055
20,1788253678796448256,1788253678.796448231,map,-0.01349061300637459,-0.03099827653267167,0.058313325694946475,0.0065613485243880484,-0.004792051832478833,-0.0003113340157756555,0.9999669434615862,keyframes_lidar/keyframe_000020.pcd,3018
21,1788253683796927744,1788253683.796927691,map,-0.012657604472419457,-0.03185025653884562,0.05730255770416259,0.0065850422551060935,-0.005330409177550763,-0.00017782355583560304,0.9999640955230751,keyframes_lidar/keyframe_000021.pcd,3039
22,1788253688797452800,1788253688.797452688,map,-0.012784700151728563,-0.03185620647759328,0.058198180153900325,0.006605551422831489,-0.004832056482721367,-0.0002820542024965279,0.9999664686208108,keyframes_lidar/keyframe_000022.pcd,3049
23,1788253693897240576,1788253693.897240639,map,-0.013647747864531257,-0.02982334827906501,0.05806450402841645,0.006551958062791677,-0.005498860762427625,0.000209617394221362,0.999963394548224,keyframes_lidar/keyframe_000023.pcd,3046
24,1788253698897317120,1788253698.897317171,map,-0.012209458077071652,-0.030838292641820274,0.057920401834247834,0.0066162102175764004,-0.004998632358556351,-0.0005829500599609741,0.9999654492061857,keyframes_lidar/keyframe_000024.pcd,3029
25,1788253704097244416,1788253704.097244501,map,-0.011947209603271485,-0.03183885278704652,0.05910170123222359,0.0067142775216087885,-0.005083998061349253,-0.0004774423619996315,0.9999644211120043,keyframes_lidar/keyframe_000025.pcd,3036
26,1788253709197125632,1788253709.197125673,map,-0.01317762268944817,-0.030544982406579324,0.05810728939995992,0.006584746783078941,-0.005298561746122154,-9.814617410263106e-07,0.9999642825382625,keyframes_lidar/keyframe_000026.pcd,3058
27,1788253714197335296,1788253714.197335243,map,-0.012681107083432059,-0.03140588176514454,0.05880143734294089,0.006451706458943187,-0.004808037005131269,-0.0003704576373772951,0.9999675599863548,keyframes_lidar/keyframe_000027.pcd,3028
28,1788253719295564288,1788253719.295564413,map,-0.013055340144473165,-0.031165212733694936,0.05772300016683427,0.006540475489882951,-0.004900944945525467,-0.00023099645406928203,0.9999665742211814,keyframes_lidar/keyframe_000028.pcd,3067
29,1788253724297174272,1788253724.297174215,map,-0.013326937719974792,-0.03194360062376476,0.058466798258864645,0.006485443749020011,-0.005125290553883421,8.978738443005336e-05,0.999965830593397,keyframes_lidar/keyframe_000029.pcd,3055
30,1788253729297344256,1788253729.297344208,map,-0.012933836214036452,-0.030301198073791363,0.057852248191911856,0.006570298409965028,-0.005447447372230017,-8.35008248431221e-05,0.9999635740983484,keyframes_lidar/keyframe_000030.pcd,3052
31,1788253734397606656,1788253734.397606611,map,-0.011899011039181237,-0.03022484186074481,0.05833477435664233,0.006513600572836348,-0.0052946926149594125,-0.0003488587428937274,0.9999647081448766,keyframes_lidar/keyframe_000031.pcd,3057
32,1788253739496976640,1788253739.496976614,map,-0.012942326261910803,-0.030186328567069515,0.05872110259954767,0.006547724147780315,-0.004886385246099778,-0.00041765195274161076,0.9999665374974093,keyframes_lidar/keyframe_000032.pcd,3040
33,1788253744497364736,1788253744.497364759,map,-0.01236312902573217,-0.03187750167140198,0.05910992037344063,0.006625402586949984,-0.005609378740130666,4.2068557110920037e-05,0.9999623178605017,keyframes_lidar/keyframe_000033.pcd,3062
34,1788253749597170944,1788253749.597171068,map,-0.011698079752903764,-0.02991946337122298,0.05846094340328241,0.006565444136728882,-0.005129054359626727,-0.00023886677327319145,0.9999652647403949,keyframes_lidar/keyframe_000034.pcd,3049
35,1788253754597277952,1788253754.597277880,map,-0.012914372620636827,-0.03085414410485151,0.05778732994386176,0.006579148264842292,-0.005347304873113433,-0.00034144932984020367,0.9999640016275878,keyframes_lidar/keyframe_000035.pcd,3038
36,1788253759597334272,1788253759.597334146,map,0.011852176910799126,-0.11038426692505164,0.0582439285615157,0.006676450106327509,-0.00501932508953801,-0.05657519254019165,0.9983634002599774,keyframes_lidar/keyframe_000036.pcd,3007
37,1788253764696696832,1788253764.696696758,map,-0.2824087022812184,0.3264918520952793,0.062364535039384605,0.0063132036105853166,-0.005541802857338461,0.30835763476170186,0.9512334103496526,keyframes_lidar/keyframe_000037.pcd,3009
38,1788253769697234432,1788253769.697234392,map,0.026571053962076322,-0.3311870199896952,0.05901334650995367,0.005778254071022905,-0.005588504792882,-0.20806091292131557,0.978082837447023,keyframes_lidar/keyframe_000038.pcd,3052
39,1788253774796876032,1788253774.796875954,map,-0.155870471353504,-0.7508048892403179,0.05654297360524724,0.0034823513452373334,-0.004606285834578246,-0.5100646796373791,0.8601166653113613,keyframes_lidar/keyframe_000039.pcd,3106
40,1788253779896668160,1788253779.896668196,map,-0.02961492135360478,-0.9784119760947256,0.05586050145470638,0.0036894146984937756,-0.0053336424983475164,-0.5114667338655864,0.8592786047759783,keyframes_lidar/keyframe_000040.pcd,3074
41,1788253784996874496,1788253784.996874571,map,0.007185113043561592,-1.2686912758620168,0.05513555599649908,0.002915477936598136,-0.006043686330670056,-0.5792189303605969,0.815144407179405,keyframes_lidar/keyframe_000041.pcd,3049
42,1788253790096407808,1788253790.096407890,map,0.0035612186680254697,-1.6447022391193398,0.05486425099019017,0.0026926858576097777,-0.00503172511789123,-0.6548665017021984,0.7557230287172245,keyframes_lidar/keyframe_000042.pcd,3080
43,1788253795096792576,1788253795.096792459,map,0.0045302940113922,-1.6503662275914657,0.05234546490235435,0.002441236814296748,-0.0049216070901246635,-0.6551472493714389,0.7554812372173811,keyframes_lidar/keyframe_000043.pcd,3076
44,1788253800196410112,1788253800.196410179,map,0.0428394057641928,-1.8710879904618278,0.05150559313141191,0.002664038584238324,-0.004416027644269453,-0.6527501845275145,0.7575556733320414,keyframes_lidar/keyframe_000044.pcd,3132
45,1788253805197476096,1788253805.197476149,map,0.11795640019803028,-2.088415916710306,0.061516758431046065,-0.0007849624061034309,-0.008194122727747147,-0.6273345897454915,0.7787063327696774,keyframes_lidar/keyframe_000045.pcd,2926
46,1788253810197711616,1788253810.197711706,map,0.12652803476398825,-2.4052482315401984,0.05109668294959362,-0.001207286253871659,-0.004573067978503497,-0.6665322433497024,0.7454611982419865,keyframes_lidar/keyframe_000046.pcd,2791
47,1788253815297680128,1788253815.297680140,map,0.14473236863815117,-2.972637542420162,0.043297958990208524,0.003401487181148183,-0.001163838472954979,-0.6918210556800175,0.7220600406356465,keyframes_lidar/keyframe_000047.pcd,2849
48,1788253820397078528,1788253820.397078514,map,0.18601027259743555,-3.942404909024799,0.03777739294345843,-0.0025764948126359407,-0.0029185532664484435,-0.696703503116742,0.7173486408059693,keyframes_lidar/keyframe_000048.pcd,2928
49,1788253825397647616,1788253825.397647619,map,0.22214763678810628,-4.893119283175458,0.03790502387666584,-0.002963516291446819,-0.004941288679237338,-0.6980191721063302,0.7160558893056966,keyframes_lidar/keyframe_000049.pcd,2947
50,1788253830497294080,1788253830.497294188,map,0.2582448185103795,-5.8635017588753815,0.03585575298654517,-0.000508626478547597,-0.005522212260418635,-0.6986776815846748,0.7154150849166657,keyframes_lidar/keyframe_000050.pcd,2898
51,1788253835497467648,1788253835.497467756,map,0.29577007770644387,-6.813166466715694,0.034901030481312344,0.001105205638771832,-0.006919766212223289,-0.6985694788123955,0.7155079165375059,keyframes_lidar/keyframe_000051.pcd,3056
52,1788253840597222400,1788253840.597222328,map,0.33460812947848095,-7.787619733489715,0.018290219279153343,0.005547639010816882,-0.004157370619502605,-0.6985957404449119,0.7154830056704095,keyframes_lidar/keyframe_000052.pcd,2946
53,1788253845598009088,1788253845.598009109,map,0.3691962838293143,-8.73636474985838,0.007542249194186751,0.007654982312257171,-0.005490980531936382,-0.6983989096163683,0.7156467099241531,keyframes_lidar/keyframe_000053.pcd,3029
54,1788253850696948480,1788253850.696948528,map,0.410325178404495,-9.710933826452639,-0.01274539636905686,0.00725303356385393,-0.0023029116518298223,-0.6987168755034346,0.715357825139813,keyframes_lidar/keyframe_000054.pcd,3023
55,1788253855697639168,1788253855.697639227,map,0.4541180806963594,-10.658238019326859,-0.016219704717595207,0.000763291261610849,-0.005559276570831529,-0.6986045548242368,0.7154859801626366,keyframes_lidar/keyframe_000055.pcd,3184
56,1788253860797668096,1788253860.797668219,map,0.49334045604162474,-11.625031716147227,-0.01557179285043142,0.00013259563502842156,-0.006426149807463286,-0.6978394933108802,0.7162253336713688,keyframes_lidar/keyframe_000056.pcd,3163
57,1788253865897608448,1788253865.897608519,map,0.5377261888203022,-12.595439375099044,-0.01576311727411698,-0.00018116438806869427,-0.007352819772942921,-0.6969966392591398,0.7170366713650814,keyframes_lidar/keyframe_000057.pcd,3124
58,1788253870997600256,1788253870.997600317,map,0.5850647350835236,-13.572419918337049,-0.025930382705115898,0.002754892968361154,-0.002497122131795462,-0.69616059849502,0.7178764490139286,keyframes_lidar/keyframe_000058.pcd,3137
59,1788253875997644800,1788253875.997644901,map,0.6349901104723569,-14.5248266525404,-0.03209237470555584,-0.0012361614613688172,-0.00044874542303948746,-0.6960973308383804,0.7179462211977087,keyframes_lidar/keyframe_000059.pcd,3081
60,1788253881097370368,1788253881.097370386,map,0.6865513637324456,-15.490471413416811,-0.0384803715689758,-0.004957886736948969,0.00016858985388706692,-0.6957251022676607,0.7182910085830241,keyframes_lidar/keyframe_000060.pcd,3019
61,1788253886197489664,1788253886.197489738,map,0.7337339113576479,-16.460180594234437,-0.03575706543241378,-0.006242563522864915,-0.0017462749106196948,-0.6953502217255867,0.7186418092977732,keyframes_lidar/keyframe_000061.pcd,2971
62,1788253891197550592,1788253891.197550535,map,0.7809988828427148,-17.40647660306966,-0.029842139271165635,-0.004380677204758275,-0.006190807676733152,-0.6949972787754312,0.7189723680798052,keyframes_lidar/keyframe_000062.pcd,2971
63,1788253896297366784,1788253896.297366858,map,0.8298352786062321,-18.378149341136222,-0.029547432637086556,-0.0013056685261090255,-0.005380788494908125,-0.6949481794969841,0.719038503947251,keyframes_lidar/keyframe_000063.pcd,2907
64,1788253901396957184,1788253901.396957159,map,0.8774571755166884,-19.34639452213531,-0.029002819001463086,7.844483366906757e-05,-0.006370409952205939,-0.6950197643499895,0.7189624043622407,keyframes_lidar/keyframe_000064.pcd,2884
65,1788253906497301504,1788253906.497301579,map,0.9244098274911559,-20.3140942503857,-0.02990288660837391,0.001169939838650418,-0.008075071896550351,-0.6954088954512003,0.7185679456961472,keyframes_lidar/keyframe_000065.pcd,2845
66,1788253911596728320,1788253911.596728325,map,0.97104667158163,-21.294005514597657,-0.04838980105534975,0.00708440613921122,-0.0033745651201971105,-0.6951510332364186,0.7188208848456228,keyframes_lidar/keyframe_000066.pcd,2816
67,1788253916597018112,1788253916.597018003,map,1.018184727725805,-22.24746632972013,-0.05734464537210875,0.006997427669111975,-0.005444414810645563,-0.69560926328295,0.7183656083000751,keyframes_lidar/keyframe_000067.pcd,2846
68,1788253921696532224,1788253921.696532249,map,1.0417171416355993,-22.744951612645888,-0.062114317666294196,0.006406559732105938,-0.006951978029044727,-0.695596571199539,0.7183704031551742,keyframes_lidar/keyframe_000068.pcd,2791
69,1788253926796683776,1788253926.796683788,map,1.0877557931426347,-23.691710895964242,-0.06752300424271358,0.004916767278518433,-0.00706063852441037,-0.6952532851145451,0.7187133241568503,keyframes_lidar/keyframe_000069.pcd,2709
70,1788253931897176832,1788253931.897176743,map,1.1419343208674553,-24.642596203468855,-0.07114156805344563,-0.0015116299998253694,-0.004537106219867733,-0.6950153565759802,0.7189789870124554,keyframes_lidar/keyframe_000070.pcd,2605
71,1788253936997494272,1788253936.997494221,map,1.110825119752493,-24.12425293413119,-0.0706871243594242,0.004705148157080957,-0.005546755999545809,-0.6957690878416499,0.7182287041623302,keyframes_lidar/keyframe_000071.pcd,2700
72,1788253942097474816,1788253942.097474813,map,1.0623742210251048,-23.155442880816015,-0.0637781371702212,0.00593530832935881,-0.00796823541212796,-0.695529967813764,0.7184283841917976,keyframes_lidar/keyframe_000072.pcd,2732
73,1788253947197387008,1788253947.197386980,map,1.014269148212312,-22.186043494499927,-0.05787150072487744,0.00741331301003347,-0.005073928174237277,-0.6952530533948202,0.718708904764841,keyframes_lidar/keyframe_000073.pcd,2707
74,1788253952197394432,1788253952.197394371,map,0.9665892809390831,-21.23728335694996,-0.048543721660609995,0.007476823958344685,-0.0033374948741667996,-0.6948108678458753,0.7191458935116868,keyframes_lidar/keyframe_000074.pcd,2853
75,1788253957197465600,1788253957.197465658,map,0.9174230233706457,-20.27313077903397,-0.03140543918967218,0.0019126337509323063,-0.007734840236371158,-0.6943201456408624,0.7196221574103346,keyframes_lidar/keyframe_000075.pcd,2855
76,1788253962297545472,1788253962.297545433,map,0.8691277997278333,-19.30324006976794,-0.029248979675198766,0.0007484674792516866,-0.00595690566725628,-0.6941897728788257,0.719766986115471,keyframes_lidar/keyframe_000076.pcd,2909
77,1788253967297659136,1788253967.297659159,map,0.8228664890813772,-18.348224303531605,-0.027660558588123482,-8.81440381051556e-05,-0.005332278741047719,-0.6935798577308373,0.7203600072075961,keyframes_lidar/keyframe_000077.pcd,2955
78,1788253972397506048,1788253972.397505999,map,0.7771250683885208,-17.372863280905296,-0.02932616814493709,-0.003844855837886757,-0.006103435722065679,-0.6940055700359165,0.7199334927026907,keyframes_lidar/keyframe_000078.pcd,2989
79,1788253977497684224,1788253977.497684240,map,0.7325240341165298,-16.401449746482847,-0.034801401260752554,-0.0052111781623673786,-0.0015891824304081295,-0.6933541516450008,0.720576393256124,keyframes_lidar/keyframe_000079.pcd,2982
80,1788253982597448192,1788253982.597448111,map,0.6813885908687977,-15.42977577922085,-0.03768329316440896,-0.004221868002833235,0.00021490991554770907,-0.695099155942234,0.7189014487763179,keyframes_lidar/keyframe_000080.pcd,3061
81,1788253987697543680,1788253987.697543621,map,0.6309022012111681,-14.45879684044558,-0.03223322282433926,-0.0007649420208931767,-0.00022054258816475502,-0.6959371276116377,0.7181022772811229,keyframes_lidar/keyframe_000081.pcd,3083
82,1788253992797155072,1788253992.797155142,map,0.5782003488300466,-13.487679074402248,-0.026875344439451068,0.0028314730887157398,-0.0024487946780217414,-0.6958556648213654,0.7181719013584341,keyframes_lidar/keyframe_000082.pcd,3131
83,1788253997797676800,1788253997.797676802,map,0.535446428404076,-12.531673676469792,-0.016702493541349853,0.00031296047694813906,-0.0073215627023061405,-0.69556473522149,0.7184260545745782,keyframes_lidar/keyframe_000083.pcd,3098
84,1788254002897282816,1788254002.897282839,map,0.4903549257465881,-11.562898044387783,-0.017127380307502084,5.012686322264099e-05,-0.0065165748571592505,-0.6959227486618994,0.7180870836007952,keyframes_lidar/keyframe_000084.pcd,3175
85,1788254007897398272,1788254007.897398233,map,0.4471471905850555,-10.609246236193243,-0.018005175048506357,0.0017147534015915238,-0.005475937639699231,-0.696695079925589,0.7173444356341068,keyframes_lidar/keyframe_000085.pcd,3138
86,1788254012997398016,1788254012.997397900,map,0.40185054807761866,-9.646185536215496,-0.01316450861948211,0.00790784263873672,-0.002239205273931137,-0.6974399333120102,0.7165961145626463,keyframes_lidar/keyframe_000086.pcd,3073
87,1788254018097279488,1788254018.097279549,map,0.36245152019189913,-8.678416974763902,0.009050836925460867,0.00805768387429142,-0.00505198679996668,-0.6970184284927673,0.7169901404492451,keyframes_lidar/keyframe_000087.pcd,3018
88,1788254023197095936,1788254023.197095871,map,0.3237006999995983,-7.708833184098887,0.019435732689162936,0.00660522969614564,-0.004510468299508565,-0.6962437620222313,0.7177608588252155,keyframes_lidar/keyframe_000088.pcd,2952
89,1788254028197232384,1788254028.197232485,map,0.2834583860054975,-6.75581153270595,0.03544970255859835,0.0018333965342614477,-0.007305111006961941,-0.6968357975839039,0.7171911497055222,keyframes_lidar/keyframe_000089.pcd,2984
90,1788254033297142528,1788254033.297142506,map,0.244363075419268,-5.781643671345458,0.036165194834194093,0.0001861305000192084,-0.0060449845463101635,-0.6963727409904162,0.7176548119554182,keyframes_lidar/keyframe_000090.pcd,2974
91,1788254038396692480,1788254038.396692514,map,0.20484043858513812,-4.80672417821155,0.034356228784656,-0.0012308632764493333,-0.004932499101282245,-0.6959808271611095,0.7180423689813494,keyframes_lidar/keyframe_000091.pcd,3041
92,1788254043397138688,1788254043.397138596,map,0.16479252176858994,-3.852740970304586,0.03719890751377798,-0.0015586882044681307,-0.0033300463359819035,-0.697055460662349,0.7170077865987802,keyframes_lidar/keyframe_000092.pcd,2924
93,1788254048496552192,1788254048.496552229,map,0.11732706361370243,-2.883637100729488,0.04356541505824888,0.0018597924042691224,-0.003352035918524945,-0.7002159503159774,0.7139208135014041,keyframes_lidar/keyframe_000093.pcd,2893
94,1788254052795884800,1788254052.795884848,map,0.08737294485460775,-1.865803305078498,0.054511052410482985,0.002325062397398054,-0.0056692369854404664,-0.7057792792165171,0.7084052956221211,keyframes_lidar/keyframe_000094.pcd,3013
95,1788254057796332544,1788254057.796332598,map,0.07332429594811495,-0.8925427752104924,0.05971808337376254,0.004726015137599286,-0.006231611608097823,-0.7046867543095933,0.7094754471426731,keyframes_lidar/keyframe_000095.pcd,3198
96,1788254062796601344,1788254062.796601295,map,0.07150578767288035,-0.8924738672598191,0.05898130908184388,0.0045394991258457945,-0.006161661401642067,-0.7044567015470559,0.7097057013452127,keyframes_lidar/keyframe_000096.pcd,3210
97,1788254067896601344,1788254067.896601439,map,0.21262137490267063,-0.8243665172047738,0.05884902793469808,0.005279025094731121,-0.006114603792468267,-0.6229572757569861,0.7822141497671494,keyframes_lidar/keyframe_000097.pcd,3185
98,1788254072996482048,1788254072.996482134,map,0.5430511572628641,-0.13478913710742632,0.0652918553372336,0.005967503041694536,-0.007662772868696224,-0.11687421372061567,0.9930992342090482,keyframes_lidar/keyframe_000098.pcd,2874
99,1788254078096320512,1788254078.096320629,map,0.03380605541388097,0.0418998679196019,0.06143789138306591,0.00609372929291564,-0.00685689471486179,0.04316098913137632,0.999026014914214,keyframes_lidar/keyframe_000099.pcd,3018
100,1788254081295412480,1788254081.295412540,map,-0.9688333159558903,-0.054791411785830205,0.05724625770131969,0.00542299329126095,-0.003072397101616768,0.042882653339500774,0.999060673614159,keyframes_lidar/keyframe_000100.pcd,3253
101,1788254086297373184,1788254086.297373056,map,-1.5626106212744864,0.23451644971970775,0.0526940978218013,0.005826453134431522,-0.00011183665703951579,0.33006197881629046,0.9439412746968475,keyframes_lidar/keyframe_000101.pcd,3281
102,1788254091297432064,1788254091.297432184,map,-2.0622678765294733,0.3285015374325676,0.05567078879541144,0.007800489394710242,-0.0006085305712682023,0.6418108752446551,0.7668230450850031,keyframes_lidar/keyframe_000102.pcd,3242
103,1788254096297550336,1788254096.297550440,map,-2.184726080155147,0.3593241273323233,0.05538982256675093,0.006577753265948995,0.0006739536053070097,0.7051656806445179,0.7090117360027717,keyframes_lidar/keyframe_000103.pcd,3384
104,1788254101397541632,1788254101.397541523,map,-2.181900061298766,-0.5408993689095457,0.05542263033531021,0.007907462164533747,-0.00021312760473202714,0.7025788387049209,0.7115619453166292,keyframes_lidar/keyframe_000104.pcd,3485
105,1788254104597634816,1788254104.597634792,map,-2.148695843985839,-1.551926429751102,0.05445914882039531,0.008520242172719487,-0.0003882624103519663,0.7175371881060446,0.6964679737148649,keyframes_lidar/keyframe_000105.pcd,3412
106,1788254109697211904,1788254109.697211981,map,-2.092676148103576,-2.526440319322785,0.048250124276265856,0.011384442945616347,0.0022060681865264963,0.7204229796966412,0.6934379987042731,keyframes_lidar/keyframe_000106.pcd,3116
107,1788254114697553664,1788254114.697553635,map,-2.040136499996766,-3.4814440898530155,0.04287193161489625,0.009451594308101495,0.0012228482408381583,0.721606542732189,0.6922377983708434,keyframes_lidar/keyframe_000107.pcd,3170
108,1788254119797216256,1788254119.797216177,map,-1.983854194118061,-4.450719842252669,0.036966905478731125,0.004189341408963355,-0.0012487627348076614,0.722695670329694,0.6911525577590708,keyframes_lidar/keyframe_000108.pcd,3277
109,1788254124797505536,1788254124.797505617,map,-1.9235376927429375,-5.399469293594701,0.03769840521631398,0.003871866288658002,-0.0012598471343537988,0.7227314048884217,0.6911170218021323,keyframes_lidar/keyframe_000109.pcd,3381
110,1788254129797536000,1788254129.797535896,map,-1.861789786003055,-6.358409412792775,0.041289336957816544,0.008011279196825764,-0.0034219529585159144,0.7224470054685478,0.6913714153283375,keyframes_lidar/keyframe_000110.pcd,3374
111,1788254134797819136,1788254134.797819138,map,-1.8014578055784032,-7.3093901558672725,0.030857505449354457,0.00975131941919559,-0.0009028120391940081,0.7205981469575059,0.6932837855463054,keyframes_lidar/keyframe_000111.pcd,3425
112,1788254139897422336,1788254139.897422314,map,-1.7484418983980146,-8.287095538596475,0.023661078159667535,0.008612043522015523,-0.0010977949758089035,0.7211966936433307,0.6926759391161886,keyframes_lidar/keyframe_000112.pcd,3423
113,1788254144897572096,1788254144.897572041,map,-1.6979621724983522,-9.242681570383828,0.023370686370775474,0.010692331956212506,-0.00594274889337311,0.7202005359513506,0.693658089975397,keyframes_lidar/keyframe_000113.pcd,3436
114,1788254149997667328,1788254149.997667313,map,-1.6440140241699914,-10.218549140759372,0.007361060296324176,0.010730325373116882,-0.004557165162570647,0.7193382648909676,0.6945621304294671,keyframes_lidar/keyframe_000114.pcd,3473
115,1788254155097488384,1788254155.097488403,map,-1.5941434208592968,-11.189649320134038,-0.00668279532535071,0.010663398108952522,-0.0037010728069935693,0.7191044947586865,0.6948102759881302,keyframes_lidar/keyframe_000115.pcd,3478
116,1788254160197282048,1788254160.197282076,map,-1.5453540915895363,-12.164758502697486,-0.016467599519258323,0.009475657414685297,-0.0025340837819248234,0.7192688447857172,0.6946625938227607,keyframes_lidar/keyframe_000116.pcd,3439
117,1788254165197462272,1788254165.197462320,map,-1.5013284768341126,-13.115601669865828,-0.027842378850894085,0.004808225663939245,-0.0029195761050807185,0.7187709030807177,0.6952242414687947,keyframes_lidar/keyframe_000117.pcd,3537
118,1788254170296863488,1788254170.296863556,map,-1.458842807079561,-14.08057992485671,-0.03416554740834995,0.003305733585749199,-0.0032602564517356866,0.7177668619651847,0.6962680336752367,keyframes_lidar/keyframe_000118.pcd,3466
119,1788254175297512448,1788254175.297512531,map,-1.4056162559167664,-15.035816782149123,-0.02900052234271222,0.003160209130518986,0.000718013447422648,0.7173132633135452,0.6967432667844113,keyframes_lidar/keyframe_000119.pcd,3484
120,1788254180397083648,1788254180.397083521,map,-1.3580605265380465,-16.00309508092452,-0.02619053736644368,0.0036098126338332086,0.0030381660477299677,0.7180292361170483,0.6959969503388527,keyframes_lidar/keyframe_000120.pcd,3446
121,1788254185496996352,1788254185.496996403,map,-1.3115940337317837,-16.98160229782135,-0.015314418193639698,0.008338212317116355,-0.0016093826027329897,0.7188458854297679,0.6951175994777328,keyframes_lidar/keyframe_000121.pcd,3326
122,1788254190497064704,1788254190.497064590,map,-1.264242276368714,-17.93550368703201,-0.021504839090428607,0.006177149693949243,-0.003729755538229824,0.7197404655163969,0.694205728904281,keyframes_lidar/keyframe_000122.pcd,3429
123,1788254195597355520,1788254195.597355604,map,-1.2118466567261759,-18.906776829473635,-0.027726909249283588,0.006281127288284411,-0.0033576952575276485,0.7194275631815488,0.6945309601862286,keyframes_lidar/keyframe_000123.pcd,3427
124,1788254200697562368,1788254200.697562456,map,-1.1602048589712481,-19.88269040467579,-0.032508463659195415,0.00991471250226519,-0.0051102566132918015,0.7193697973748653,0.6945377443870053,keyframes_lidar/keyframe_000124.pcd,3366
125,1788254205796598528,1788254205.796598434,map,-1.10851399249404,-20.860732105784134,-0.04458298823851429,0.010457181780870064,-0.002189780046723323,0.7190873790481132,0.6948375302948627,keyframes_lidar/keyframe_000125.pcd,3356
126,1788254210797462272,1788254210.797462225,map,-1.059453510375498,-21.814507667230664,-0.0561991595459706,0.008878513145650349,-0.002875813216915458,0.7205528382931584,0.6933372259805018,keyframes_lidar/keyframe_000126.pcd,3277
127,1788254215896700160,1788254215.896700144,map,-1.0123336211547778,-22.78546612656949,-0.06623887683053259,0.005344830025472955,-0.007546371190824954,0.7199710773648909,0.6939424564269631,keyframes_lidar/keyframe_000127.pcd,3268
128,1788254220897464576,1788254220.897464514,map,-0.9693574608152024,-23.735774179928775,-0.07715612561954158,-0.0015065207304110755,-0.008493989219373447,0.7199627408277292,0.6939591013613514,keyframes_lidar/keyframe_000128.pcd,3213
129,1788254225897711104,1788254225.897711039,map,-0.9420556607196682,-24.223823655715982,-0.0818632739631984,-0.004572653971690603,-0.006464858838667342,0.7192316274660345,0.6947252424436661,keyframes_lidar/keyframe_000129.pcd,3161
130,1788254230997586432,1788254230.997586489,map,-0.9731685055653008,-23.639828907277003,-0.07421084746401863,-0.0012221157782585823,-0.009539045975150892,0.7192031062885614,0.6947333336898357,keyframes_lidar/keyframe_000130.pcd,3211
131,1788254236097209088,1788254236.097209215,map,-1.0231636039397831,-22.669835412009927,-0.06299937125602742,0.005137126017822881,-0.007831350078458192,0.7189551165289465,0.6949933958744318,keyframes_lidar/keyframe_000131.pcd,3272
132,1788254241097392640,1788254241.097392559,map,-1.0668838469437425,-21.715922297346808,-0.05348742814233539,0.008987505253828671,-0.005576447651620134,0.7184559314075152,0.6954920579030799,keyframes_lidar/keyframe_000132.pcd,3288
133,1788254246197114624,1788254246.197114706,map,-1.1146607306416212,-20.7467250461625,-0.043135515235614694,0.010343503770557583,-0.0025758770244218936,0.7184317820749344,0.6955157448195818,keyframes_lidar/keyframe_000133.pcd,3280
134,1788254251197448704,1788254251.197448730,map,-1.1672152682391745,-19.7933259993567,-0.03317076373392412,0.010080571291809537,-0.005126434685574286,0.7184098639191118,0.695528122489356,keyframes_lidar/keyframe_000134.pcd,3355
135,1788254256297693440,1788254256.297693491,map,-1.2189822950145204,-18.818858908460328,-0.028929897342138168,0.006344890803784037,-0.0038595341782677365,0.7184195936542332,0.6955703658223956,keyframes_lidar/keyframe_000135.pcd,3419
136,1788254261397628160,1788254261.397628069,map,-1.2693953011282413,-17.845559152851095,-0.023113032119421652,0.0058793468019031035,-0.003910821775466333,0.718692702408178,0.6952919805804277,keyframes_lidar/keyframe_000136.pcd,3368
137,1788254266497553664,1788254266.497553587,map,-1.3174042026901163,-16.8727645297112,-0.01658262163478437,0.00834737901467771,-0.001616412796509437,0.7185645911606654,0.6954082518947863,keyframes_lidar/keyframe_000137.pcd,3442
138,1788254271597479936,1788254271.597480059,map,-1.3672523584270195,-15.892971783684498,-0.02736746305614037,0.0037828588653502594,0.0026124251018573743,0.7183555441587623,0.6956609644002317,keyframes_lidar/keyframe_000138.pcd,3421
139,1788254276597589248,1788254276.597589254,map,-1.4157598207240054,-14.936270459692523,-0.03061703486145817,0.0030240840516167957,0.0007044607783698447,0.7186199877612942,0.6953960539438069,keyframes_lidar/keyframe_000139.pcd,3503
140,1788254281697550592,1788254281.697550535,map,-1.4649498989420304,-13.964491415159515,-0.031037318252870802,0.0035443578561418104,-0.004453508184896432,0.7177799985204236,0.6962467073647497,keyframes_lidar/keyframe_000140.pcd,3568
141,1788254286796868864,1788254286.796868801,map,-1.511101055805378,-12.992152149177876,-0.02834073265302374,0.004868997032968603,-0.003965403170645337,0.7175654937831671,0.6964627273424664,keyframes_lidar/keyframe_000141.pcd,3408
142,1788254291797252096,1788254291.797252178,map,-1.5530059489666799,-12.048143099398855,-0.015694551129153363,0.009211256468576737,-0.0030707804688921256,0.7172557526812383,0.6967423543227816,keyframes_lidar/keyframe_000142.pcd,3456
143,1788254296897116928,1788254296.897116899,map,-1.5999352518893906,-11.077287733797926,-0.005552658320513382,0.011153223664577836,-0.0045166579834127335,0.7175281366879555,0.6964255728099448,keyframes_lidar/keyframe_000143.pcd,3452
144,1788254301996722432,1788254301.996722460,map,-1.650502050518383,-10.107592985287665,0.006353641126112364,0.011068821667567428,-0.004861623824608114,0.7185830366085136,0.6953360808265074,keyframes_lidar/keyframe_000144.pcd,3387
145,1788254306996869888,1788254306.996869802,map,-1.701079955122073,-9.15924459235199,0.023094959743273382,0.010519798842137863,-0.00602016472906924,0.7191132239513797,0.6947872066951211,keyframes_lidar/keyframe_000145.pcd,3431
146,1788254311997109760,1788254311.997109652,map,-1.7541026077222213,-8.20473980661491,0.02499256476090738,0.008887061026167474,-0.0019051049297970969,0.7199209362209387,0.69399656793985,keyframes_lidar/keyframe_000146.pcd,3443
147,1788254317096264704,1788254317.096264601,map,-1.8070493473377947,-7.23627557771564,0.030912004787192707,0.010224204588898809,-0.0010618955513928003,0.7202934043624827,0.6935933604427507,keyframes_lidar/keyframe_000147.pcd,3377
148,1788254322096413184,1788254322.096413136,map,-1.866186576668949,-6.281529104992523,0.04017176160885617,0.008311138732175908,-0.003486190037326488,0.7202946347304119,0.6936096961768778,keyframes_lidar/keyframe_000148.pcd,3387
149,1788254327197335040,1788254327.197335005,map,-1.9256334707412754,-5.304876063472137,0.03632829157124381,0.004637554334734226,-0.0016830618620976624,0.7207509535859461,0.6931765455477488,keyframes_lidar/keyframe_000149.pcd,3392
150,1788254332296651520,1788254332.296651602,map,-1.9815041342295676,-4.331835377314952,0.03650983207876782,0.0043291163772711085,-0.0013844814432826193,0.7212860559597791,0.6926223844495005,keyframes_lidar/keyframe_000150.pcd,3314
151,1788254337397332992,1788254337.397332907,map,-2.0354469830683364,-3.362296748428637,0.043979596379545086,0.009999093268286055,0.0007455971256056724,0.7217734736693322,0.6920567281126918,keyframes_lidar/keyframe_000151.pcd,3172
152,1788254342397424384,1788254342.397424459,map,-2.09481493789595,-2.4100503227857577,0.05104966955012587,0.012294086658178131,0.0015909066254968967,0.7221894512351403,0.6915842110502792,keyframes_lidar/keyframe_000152.pcd,3146
153,1788254347497240576,1788254347.497240543,map,-2.130314162845973,-1.4452090934988768,0.05145415890805605,0.007402452248040344,0.0012983516182601712,0.7136357146673348,0.7004766839339003,keyframes_lidar/keyframe_000153.pcd,3329
154,1788254350497455360,1788254350.497455359,map,-2.1783132794114346,-0.4460447328867781,0.054081233672308604,0.007235772527346985,0.0010661704056495588,0.7159549917208518,0.698108126801711,keyframes_lidar/keyframe_000154.pcd,3458
155,1788254353597533696,1788254353.597533703,map,-2.222917932317382,0.5632349970183413,0.060172485240691576,0.008371271487888712,-0.00020106797144879625,0.7159642397713106,0.6980867344062888,keyframes_lidar/keyframe_000155.pcd,3269
156,1788254358697454336,1788254358.697454453,map,-1.662303317935853,0.5568625305424744,0.057675197405413936,0.00698041720838928,-0.0013903603534826652,0.38558686812069165,0.9226440851198043,keyframes_lidar/keyframe_000156.pcd,3198
157,1788254363797645568,1788254363.797645569,map,-1.2773324982902594,0.11947930234536866,0.05646636782209097,0.006774018393395835,-0.0030731177666895168,-0.017514770714737816,0.9998189343220143,keyframes_lidar/keyframe_000157.pcd,3249
158,1788254368897465344,1788254368.897465467,map,-2.206693964011422,0.14511092969671754,0.06244762613500979,0.007479070759197425,-0.009935094723104549,-0.016210866537855275,0.999791260813733,keyframes_lidar/keyframe_000158.pcd,3315
159,1788254373897504000,1788254373.897504091,map,-2.847600043053275,0.5226416535057034,0.05480106083174807,0.004200374676816298,-0.007979789265023934,0.3008351403504004,0.953633524025983,keyframes_lidar/keyframe_000159.pcd,3239
160,1788254378897814784,1788254378.897814751,map,-3.5110435437705214,0.6123079418126373,0.043748918523015275,0.001914434779388938,-0.005757648783275949,0.708489435527821,0.7056953338129943,keyframes_lidar/keyframe_000160.pcd,3317
161,1788254383997328128,1788254383.997328043,map,-3.4111186137684015,0.6700591443443398,0.044601977453971,0.0022916185236651976,-0.006432175968071035,0.6570006262484014,0.7538591066678615,keyframes_lidar/keyframe_000161.pcd,3233
162,1788254388997426176,1788254388.997426271,map,-3.505452335097826,-0.10116902525799935,0.042326278614921234,0.002397475984079438,-0.0030633423464509982,0.656771682106181,0.7540794557776996,keyframes_lidar/keyframe_000162.pcd,3502
163,1788254393997618944,1788254393.997618914,map,-3.5647732025687953,-0.3104940847787832,0.04144248458050198,0.0029797316611370438,-0.0018971547496969426,0.6827455660425297,0.7306476675199539,keyframes_lidar/keyframe_000163.pcd,3489
164,1788254398796248832,1788254398.796248913,map,-3.615020128799097,-1.3341818901740694,0.04406280587884002,0.0023997265882500004,-0.0005465670268088997,0.7023794436473283,0.7117984684715587,keyframes_lidar/keyframe_000164.pcd,3453
165,1788254403697356800,1788254403.697356701,map,-3.600856632544818,-2.346816965429167,0.045576001408820926,0.009494439205610564,-0.0034030193568248927,0.7122325795599964,0.7018710905121691,keyframes_lidar/keyframe_000165.pcd,3315
166,1788254408697429760,1788254408.697429657,map,-3.567065491679065,-3.303002917767633,0.03713013804573003,0.009467775377222187,-0.00457577315149105,0.7140735094282126,0.6999917475673189,keyframes_lidar/keyframe_000166.pcd,3364
167,1788254413697469696,1788254413.697469711,map,-3.532327686094828,-4.256027229698321,0.0225023031030939,0.005802173702987946,-0.005092285311614675,0.7150293477873455,0.6990518115371913,keyframes_lidar/keyframe_000167.pcd,3462
168,1788254418797396736,1788254418.797396660,map,-3.494645869917557,-5.2280998143262725,0.012849629862854855,0.0035024444206976954,-0.00459569208150523,0.7155199783592264,0.698568373937859,keyframes_lidar/keyframe_000168.pcd,3381
169,1788254423896935168,1788254423.896935225,map,-3.4535020747266225,-6.200410740373047,0.012725056994894207,0.0009975750845441407,-0.0073540105339895,0.7164077558659546,0.6976423515728697,keyframes_lidar/keyframe_000169.pcd,3375
170,1788254428897052416,1788254428.897052526,map,-3.418876562324597,-7.155909744288583,0.0075668520105055745,-0.0033911248393049655,-0.010478309889397606,0.7173438043203195,0.6966323073885085,keyframes_lidar/keyframe_000170.pcd,3472
171,1788254433996951552,1788254433.996951580,map,-3.378048858150963,-8.134111385789126,0.008313965409135399,6.566072866851587e-05,-0.016237466659889715,0.7161378992987726,0.6977699116134766,keyframes_lidar/keyframe_000171.pcd,3339
172,1788254438996976896,1788254438.996976852,map,-3.3289185083597626,-9.089939513810565,-0.0028753776254478447,0.004315755037947143,-0.009671406869856155,0.7156200592226613,0.698409456540907,keyframes_lidar/keyframe_000172.pcd,3483
173,1788254444097136896,1788254444.097136974,map,-3.287503292766109,-10.062937218362576,-0.01371494849144915,0.0016564490639367087,-0.008529313233038826,0.716378079073627,0.697658193397778,keyframes_lidar/keyframe_000173.pcd,3451
174,1788254449196659968,1788254449.196660042,map,-3.2448609085303812,-11.039825616730004,-0.018380753913994005,0.004055039290970761,-0.010884092629911414,0.7172658273496243,0.6967028248115773,keyframes_lidar/keyframe_000174.pcd,3409
175,1788254454196763136,1788254454.196763039,map,-3.1955337652103517,-11.991607159869577,-0.027774215331667934,0.004573993875842011,-0.007348263927281657,0.7173162977000056,0.6966939146075812,keyframes_lidar/keyframe_000175.pcd,3464
176,1788254459296752896,1788254459.296752930,map,-3.1465507077317776,-12.963603379219379,-0.03804844607033613,0.005684279350368121,-0.005396849980649435,0.7172589153109614,0.6967626650341538,keyframes_lidar/keyframe_000176.pcd,3468
177,1788254464396448512,1788254464.396448612,map,-3.0978331471373113,-13.933995908412536,-0.04294367389059614,0.00483467049336478,-0.002006983464678193,0.7175322723752605,0.6965055894094377,keyframes_lidar/keyframe_000177.pcd,3424
178,1788254469396679936,1788254469.396679878,map,-3.041097947406867,-14.881337578606365,-0.04173035826583976,0.007978712601293786,0.006168914488975739,0.7185695858189016,0.6953819346052253,keyframes_lidar/keyframe_000178.pcd,3505
179,1788254474397447680,1788254474.397447586,map,-2.9864530489382113,-15.835647776552923,-0.03693452726976398,0.010347040245494316,0.008062212763364654,0.7192486156153706,0.6946289429752328,keyframes_lidar/keyframe_000179.pcd,3371
180,1788254479397453568,1788254479.397453547,map,-2.9334342121924464,-16.790067550567365,-0.03048005577844727,0.013455399461853621,0.006916960146542405,0.7199346688772643,0.6938769202360294,keyframes_lidar/keyframe_000180.pcd,3470
181,1788254484397471232,1788254484.397471189,map,-2.884101059185623,-17.742630993853474,-0.03266972736430035,0.012246739645496359,0.004563744267970059,0.7210073819603615,0.6928041171680329,keyframes_lidar/keyframe_000181.pcd,3452
182,1788254489497295360,1788254489.497295380,map,-2.834315615213258,-18.716365589470666,-0.037938416922691544,0.010638369982869598,0.002814862498145705,0.7220033216691019,0.6918020707774786,keyframes_lidar/keyframe_000182.pcd,3489
183,1788254494497635840,1788254494.497635841,map,-2.7846065682797883,-19.670759737260653,-0.03938382395747164,0.007910346838393048,-0.00324072653211487,0.7206360477844014,0.6932608533143338,keyframes_lidar/keyframe_000183.pcd,3447
184,1788254499597744896,1788254499.597744942,map,-2.7281300489220874,-20.646580381144854,-0.048287530929658457,0.009392214058394986,-0.002443957546658093,0.7188293864778807,0.6951187859081533,keyframes_lidar/keyframe_000184.pcd,3445
185,1788254504697256960,1788254504.697257042,map,-2.678614514410515,-21.62186769177574,-0.05530966354361492,0.009705585564590962,-0.003245779240721413,0.7203608067791066,0.6935240259591038,keyframes_lidar/keyframe_000185.pcd,3424
186,1788254509697412864,1788254509.697412968,map,-2.6360924098446357,-22.57525841960761,-0.06481157190351028,0.0028811750884629303,-0.007926734049916064,0.7199953394780367,0.6939276452536808,keyframes_lidar/keyframe_000186.pcd,3470
187,1788254514697440512,1788254514.697440386,map,-2.5798978234919354,-23.528589565985,-0.07245590164544141,0.0034215754950115557,-0.004608744087015918,0.7183739199942463,0.6956334978788562,keyframes_lidar/keyframe_000187.pcd,3356
188,1788254519697651968,1788254519.697651863,map,-2.5730684303346414,-23.69644252255628,-0.06933642071668006,0.004017935484842048,-0.003000988315715256,0.7186681785376249,0.6953350986545849,keyframes_lidar/keyframe_000188.pcd,3376
189,1788254524697689600,1788254524.697689533,map,-2.6293140374181028,-22.74489926931788,-0.06587935608436406,0.0030296390094456107,-0.008871586112712021,0.7187521732460658,0.6952031571428416,keyframes_lidar/keyframe_000189.pcd,3387
190,1788254529797636864,1788254529.797636986,map,-2.6743020715660153,-21.772538535424815,-0.055892502869700475,0.0070847447222464445,-0.007667609679527195,0.7184798205516449,0.6954694541200923,keyframes_lidar/keyframe_000190.pcd,3422
191,1788254534897455360,1788254534.897455454,map,-2.7228800135005313,-20.80009726039759,-0.0488597553942268,0.00943961883399877,-0.002306031645354292,0.7183534875287116,0.6956104101935628,keyframes_lidar/keyframe_000191.pcd,3429
192,1788254539997437696,1788254539.997437716,map,-2.776268873227999,-19.825665002894407,-0.03956969100625883,0.008557700277214227,-0.004690913004458656,0.7187287825445903,0.695222049595035,keyframes_lidar/keyframe_000192.pcd,3477
193,1788254545097291776,1788254545.097291708,map,-2.829063765476035,-18.852121817340883,-0.03744992894752463,0.00892952299649386,-0.0007036105249365311,0.7196338236257491,0.6942959948358256,keyframes_lidar/keyframe_000193.pcd,3440
194,1788254550097466880,1788254550.097466946,map,-2.878508619678194,-17.896231128832508,-0.032516727013711826,0.012126066963145957,0.0034264821442171766,0.7199780817436842,0.6938823960361047,keyframes_lidar/keyframe_000194.pcd,3458
195,1788254555197301248,1788254555.197301149,map,-2.9261054483039977,-16.91994761989498,-0.02931874804650035,0.014614520440146533,0.005761922982201824,0.7197395727589923,0.6940663969971137,keyframes_lidar/keyframe_000195.pcd,3383
196,1788254560297306880,1788254560.297306776,map,-2.980079807750249,-15.941529702439793,-0.03622093398406013,0.011016504296755582,0.008408613857219879,0.7194614384705907,0.6943941030854944,keyframes_lidar/keyframe_000196.pcd,3464
197,1788254565397103616,1788254565.397103548,map,-3.0330564116883254,-14.968294484725076,-0.04045687565287679,0.009691307453557386,0.006562871140105979,0.7195115543151651,0.6943818333519494,keyframes_lidar/keyframe_000197.pcd,3439
198,1788254570497207040,1788254570.497207165,map,-3.093889513592505,-14.000379465223062,-0.04071427840705211,0.006558266831333448,-0.0010424542131358557,0.7193704860122391,0.6945948504559314,keyframes_lidar/keyframe_000198.pcd,3423
199,1788254575596871936,1788254575.596871853,map,-3.1459840877820935,-13.029204302412767,-0.037188897170204134,0.005621430786832013,-0.005226006142462089,0.7181994383725144,0.6957949806495537,keyframes_lidar/keyframe_000199.pcd,3367
200,1788254580596903680,1788254580.596903801,map,-3.1919037966772477,-12.076212121705616,-0.027072881821544097,0.005411856011518203,-0.007657710789980738,0.7177585544445522,0.696228934188773,keyframes_lidar/keyframe_000200.pcd,3480
201,1788254585696771584,1788254585.696771622,map,-3.2434153367978333,-11.108788341751445,-0.01711664961091309,0.004391137086175447,-0.010921409097773805,0.7176223981410966,0.6963329192452637,keyframes_lidar/keyframe_000201.pcd,3418
202,1788254590797558016,1788254590.797558069,map,-3.289576691732809,-10.133774753905751,-0.013480269884863623,0.0014613176698908801,-0.008903076177398987,0.7173409520208767,0.6966638775902119,keyframes_lidar/keyframe_000202.pcd,3440
203,1788254595896539136,1788254595.896539211,map,-3.3313446796300012,-9.163121368472943,-0.004198112408276389,0.0049760673871147975,-0.009642162645078417,0.717122552683459,0.6968626205254839,keyframes_lidar/keyframe_000203.pcd,3423
204,1788254600997479936,1788254600.997479916,map,-3.3786158454703537,-8.197020198270927,0.006364132999858503,3.270633762608461e-06,-0.01612238458232518,0.7162006571891407,0.6977081677510487,keyframes_lidar/keyframe_000204.pcd,3460
205,1788254606097096960,1788254606.097096920,map,-3.4231735470480005,-7.222789433805717,0.0070669954974026256,-0.0037455038048522446,-0.012231640856347313,0.7156426546405509,0.6983494462103014,keyframes_lidar/keyframe_000205.pcd,3416
206,1788254611097449472,1788254611.097449541,map,-3.456120265397799,-6.2709752653204545,0.013224974242395899,0.001040454292670645,-0.008720847488804495,0.7159476537053497,0.6980987189701373,keyframes_lidar/keyframe_000206.pcd,3393
207,1788254616196204544,1788254616.196204662,map,-3.4933992036868147,-5.295644119010215,0.01217567916466734,0.0026977743155357824,-0.005332593670134139,0.7151636485233404,0.6989314997117213,keyframes_lidar/keyframe_000207.pcd,3383
208,1788254621197469696,1788254621.197469711,map,-3.529900232851497,-4.347513766390232,0.021182273323891464,0.005656632917847599,-0.005323321651485539,0.7148939150003025,0.699189784712397,keyframes_lidar/keyframe_000208.pcd,3462
209,1788254626297491200,1788254626.297491312,map,-3.5661093034019,-3.378995640341284,0.038002876591435926,0.010048827853793612,-0.005230580448690453,0.7147380823592574,0.6993004616846368,keyframes_lidar/keyframe_000209.pcd,3283
210,1788254631397367296,1788254631.397367239,map,-3.6014791924914142,-2.405931146683023,0.04441573871984341,0.009476622695337689,-0.003121840067487974,0.7140702440078243,0.7000029531076921,keyframes_lidar/keyframe_000210.pcd,3292
211,1788254636497396736,1788254636.497396708,map,-3.639730415371042,-1.40751591026537,0.04226191901345109,0.004358491686653497,1.8342069802892275e-05,0.7138866936308553,0.7002476646662887,keyframes_lidar/keyframe_000211.pcd,3460
212,1788254640597489664,1788254640.597489595,map,-3.767100151138521,-0.387679012349166,0.04023030978519739,0.0028815189639098825,-7.107746885589177e-05,0.7394383843454135,0.6732180683501438,keyframes_lidar/keyframe_000212.pcd,3506
213,1788254645697542656,1788254645.697542667,map,-3.273509402489739,-0.0667489702317299,0.043397507837588195,0.0023295784157062282,-0.0032258481840233694,0.44040216222667256,0.8977917923850555,keyframes_lidar/keyframe_000213.pcd,3484
214,1788254650797696000,1788254650.797695875,map,-2.837615447730981,-0.45927253400626883,0.04871500920505373,0.0021016221005499976,-0.006200086521969765,0.034743183058585515,0.9993748312533313,keyframes_lidar/keyframe_000214.pcd,3531
215,1788254655897410048,1788254655.897410154,map,-2.858048687236397,-0.4427569422897504,0.04655820784776296,0.0021657307206272816,-0.006368231242846053,-0.010682004102000377,0.9999203218405196,keyframes_lidar/keyframe_000215.pcd,3484
216,1788254660097627392,1788254660.097627401,map,-3.875150466651615,-0.42943189583709435,0.043421284794319864,0.0006225182901391558,-0.006498930652077094,-0.008885002241258615,0.9999392147058395,keyframes_lidar/keyframe_000216.pcd,3561
217,1788254664197539840,1788254664.197539806,map,-4.903420825426755,-0.4224609528938006,0.039546471029272584,9.063447743060156e-05,-0.005702059802562986,-0.009319840066899544,0.9999403076586757,keyframes_lidar/keyframe_000217.pcd,3573
218,1788254667197233152,1788254667.197233200,map,-5.923197773167532,-0.40885154178993066,0.03521679120512709,-0.00046001558549412007,-0.007474207565319845,-0.009376265739513686,0.9999280025320392,keyframes_lidar/keyframe_000218.pcd,3575
219,1788254671496123648,1788254671.496123552,map,-6.936702400435811,-0.40182516445604116,0.029515595543534563,0.0032938045632407605,-0.007037224670076739,-0.01095969560858975,0.9999097526240102,keyframes_lidar/keyframe_000219.pcd,3507
220,1788254676497440768,1788254676.497440815,map,-7.403969261256214,-0.47421530140578927,0.02759117143087055,0.003968024424909194,-0.006246138715654646,-0.06770311268515052,0.9976780688508945,keyframes_lidar/keyframe_000220.pcd,3563
221,1788254681596855040,1788254681.596855164,map,-7.6622987213730696,-1.1844195439249,0.023638668885998592,0.0009150279807321165,-0.005580000375738744,-0.5824921203097759,0.8128166804985137,keyframes_lidar/keyframe_000221.pcd,3712
222,1788254686597157120,1788254686.597157240,map,-7.843435471807189,-1.0745387981813257,0.023583050303466867,0.0001702644024533708,-0.00558160470382536,-0.6889904506554516,0.7247489052110127,keyframes_lidar/keyframe_000222.pcd,3742
223,1788254691696756736,1788254691.696756840,map,-7.932080765218614,-1.807201355333017,0.02603648912794861,-5.458498310588825e-06,-0.007858827842244153,-0.7292604116346796,0.6841911215571046,keyframes_lidar/keyframe_000223.pcd,3629
224,1788254696697165312,1788254696.697165251,map,-7.957873616403341,-2.426646997960467,0.02902218013234504,-0.0002062379504455588,-0.008941472856001062,-0.7295190706241894,0.6839019908763918,keyframes_lidar/keyframe_000224.pcd,3509
225,1788254701796925184,1788254701.796925068,map,-7.959602327637846,-2.427556898111491,0.028411414878028604,-1.526524634563268e-05,-0.0089011570583398,-0.729863328749477,0.6835351421227207,keyframes_lidar/keyframe_000225.pcd,3477
226,1788254706896996096,1788254706.896996021,map,-7.957925492668006,-2.4257615267615518,0.029154403127424698,-0.00016582540475191547,-0.00887667737280387,-0.7298875201820338,0.6835096085522687,keyframes_lidar/keyframe_000226.pcd,3498
227,1788254711996473856,1788254711.996473789,map,-7.95933252340897,-2.4279522926513,0.029194452893822612,-0.00011497068230848862,-0.008986356026439478,-0.729530440405395,0.6838892956531918,keyframes_lidar/keyframe_000227.pcd,3480
228,1788254716996545024,1788254716.996545076,map,-7.957343907760727,-2.42854949588087,0.028084761853451715,4.448699168859327e-05,-0.008834360844004619,-0.7296439315622675,0.6837701991339947,keyframes_lidar/keyframe_000228.pcd,3426
229,1788254721997015040,1788254721.997014999,map,-7.9567097951717765,-2.4273108189612924,0.028717500401751708,-0.00014754785711620835,-0.008888675826529068,-0.7297342366463025,0.6836731042961388,keyframes_lidar/keyframe_000229.pcd,3504
230,1788254727096579584,1788254727.096579552,map,-7.958077966621853,-2.426193875505541,0.02847237193345595,-9.28754056567884e-05,-0.008894976506455168,-0.7298105665528866,0.6835915503536184,keyframes_lidar/keyframe_000230.pcd,3483
231,1788254732097192960,1788254732.097193003,map,-7.9556921815068335,-2.424972812794762,0.028150786506689725,-2.811490418692421e-05,-0.009000824105537422,-0.7296077423528571,0.6838066442158488,keyframes_lidar/keyframe_000231.pcd,3521
232,1788254737196645888,1788254737.196645975,map,-7.958649838879989,-2.4266272336231642,0.027702279816940213,-0.00010980463432139578,-0.008783809330656532,-0.7294842725205113,0.6839411734804431,keyframes_lidar/keyframe_000232.pcd,3504
233,1788254742296198400,1788254742.296198368,map,-7.958632273834265,-2.425682197611258,0.029315103050523286,-3.3381797142931394e-05,-0.008908497481024517,-0.7295121244361918,0.6839098609165396,keyframes_lidar/keyframe_000233.pcd,3414
234,1788254747296430848,1788254747.296430826,map,-7.957772232586569,-2.427810135307446,0.028991634666816767,-6.565106084992938e-05,-0.008857187770977838,-0.7295158527699541,0.6839065480546698,keyframes_lidar/keyframe_000234.pcd,3508
235,1788254752396555776,1788254752.396555901,map,-7.957654712328514,-2.425705225308215,0.029121282130317363,4.218630148547465e-05,-0.008876561388521378,-0.729523472319035,0.6838981709390733,keyframes_lidar/keyframe_000235.pcd,3483
236,1788254757397458432,1788254757.397458315,map,-7.958378758121631,-2.4275111844717108,0.02860861054625235,-5.989949424596553e-05,-0.00884498944967329,-0.7294945726822306,0.6839294049833329,keyframes_lidar/keyframe_000236.pcd,3493
237,1788254762397614592,1788254762.397614717,map,-7.959021360895015,-2.427667862707993,0.02917864072309005,7.662128233485538e-05,-0.00893556690461543,-0.7295863925929755,0.683830275372801,keyframes_lidar/keyframe_000237.pcd,3426
238,1788254767497365760,1788254767.497365713,map,-7.957828797485013,-2.4270596428069253,0.028394852496952384,-1.966367163681111e-05,-0.009030141519329835,-0.7295154547458194,0.6839047137171094,keyframes_lidar/keyframe_000238.pcd,3444
239,1788254772497502720,1788254772.497502804,map,-7.959085599253946,-2.426754220261108,0.028836525630393715,-0.00012039405319591641,-0.00879062059119893,-0.7295746795048007,0.683844644287254,keyframes_lidar/keyframe_000239.pcd,3452
240,1788254777597561856,1788254777.597561836,map,-7.956538781526545,-2.4251428788949188,0.02964178909753678,-2.8912783056111568e-05,-0.00890736737963865,-0.7296021985543717,0.6838137830104352,keyframes_lidar/keyframe_000240.pcd,3427
241,1788254782697130240,1788254782.697130203,map,-7.958019641934595,-2.427538812474814,0.02841108085728837,-0.00011537774633261098,-0.008828144451944991,-0.729568806708836,0.6838504272360708,keyframes_lidar/keyframe_000241.pcd,3490
242,1788254787697670656,1788254787.697670698,map,-7.9569406897575545,-2.429281320327569,0.028586160058695406,2.6938560803137227e-05,-0.008880950787693074,-0.7296041128264407,0.6838120842264804,keyframes_lidar/keyframe_000242.pcd,3459
243,1788254792697883904,1788254792.697883844,map,-7.956841485836991,-2.4248511269795157,0.029052691709882998,-6.352186318273489e-05,-0.008895022264801784,-0.7294767275636594,0.6839477892989321,keyframes_lidar/keyframe_000243.pcd,3512
244,1788254797797762048,1788254797.797762156,map,-7.957543299902135,-2.4264248229967924,0.029006715070206152,6.733879147940731e-05,-0.008788526915617583,-0.7295884780499216,0.683829956902255,keyframes_lidar/keyframe_000244.pcd,3420
245,1788254802897618688,1788254802.897618771,map,-7.9572386813410745,-2.4257057774442425,0.02869765303787634,-0.0001664707527016965,-0.009019469992763329,-0.7296635804599859,0.6837467958234626,keyframes_lidar/keyframe_000245.pcd,3470
246,1788254807997775104,1788254807.997775078,map,-7.957636218393726,-2.4240701109963307,0.029150226357110474,-0.00019567591941558856,-0.00884801427367489,-0.7296860737420899,0.6837250237787124,keyframes_lidar/keyframe_000246.pcd,3549
247,1788254813097572352,1788254813.097572327,map,-7.958195368813267,-2.4271304928431876,0.028713655861883527,8.18147468687894e-05,-0.008831140556882692,-0.7297467088676979,0.6836605481959416,keyframes_lidar/keyframe_000247.pcd,3447
248,1788254818097581056,1788254818.097581148,map,-7.907917369285324,-2.0551605313873043,0.028458540405724105,-0.0013654329357809104,-0.008393635109786513,-0.7121268407039999,0.7019993199651133,keyframes_lidar/keyframe_000248.pcd,3648
249,1788254823097613568,1788254823.097613573,map,-7.853497770633912,-1.6799320934557385,0.026307160263350116,-0.0006489494508112694,-0.00860815520307273,-0.674632880253346,0.7381029436397641,keyframes_lidar/keyframe_000249.pcd,3617
250,1788254828097650176,1788254828.097650290,map,-7.853659971662745,-1.6787023595498511,0.027043788899859627,-0.0004883180834714708,-0.008446073185521158,-0.6745557657390083,0.7381754156712714,keyframes_lidar/keyframe_000250.pcd,3678
251,1788254833197168896,1788254833.197168827,map,-7.957858037175474,-1.718334711876393,0.02638468136846987,-0.00012929082160464565,-0.008382153940816177,-0.7292500765517483,0.6841959139226609,keyframes_lidar/keyframe_000251.pcd,3613
252,1788254838297505280,1788254838.297505379,map,-7.872265662055013,-2.1845075562327634,0.027396814522259717,-0.0002685317252672733,-0.0080629245102903,-0.6971561918752448,0.7168738810063181,keyframes_lidar/keyframe_000252.pcd,3547
253,1788254843397416448,1788254843.397416353,map,-7.998932902256041,-2.7146206810270237,0.03505313739461456,-4.216930909699625e-05,-0.011256597668572723,-0.7468783778696205,0.664865381789067,keyframes_lidar/keyframe_000253.pcd,3406
254,1788254848497389312,1788254848.497389317,map,-7.9987046786773695,-2.7174971568741024,0.035353641283423054,7.174829746852481e-06,-0.011344226657305811,-0.747014698052811,0.6647107260779964,keyframes_lidar/keyframe_000254.pcd,3440
255,1788254853597264384,1788254853.597264290,map,-7.996982536654909,-2.6933634718554975,0.034912512068882254,-0.00045279989548235216,-0.010975609375252014,-0.7467302825066425,0.6650362517627489,keyframes_lidar/keyframe_000255.pcd,3414
256,1788254858696735744,1788254858.696735620,map,-7.998286646242294,-2.649801463575185,0.036497058639140975,-0.0019921316394568033,-0.009884648199093923,-0.7488386107759303,0.6626756824817749,keyframes_lidar/keyframe_000256.pcd,3396
257,1788254863696749824,1788254863.696749926,map,-7.999439550665001,-2.6521874176225926,0.036045676020791034,-0.0013082679666700842,-0.010412226272104027,-0.7489035344770297,0.6625959326971442,keyframes_lidar/keyframe_000257.pcd,3436
258,1788254868697024768,1788254868.697024822,map,-7.817916442944428,-1.6712166250436202,0.0273764871417514,0.00015623598955110825,-0.008227591248216135,-0.6019870147823814,0.7984634721550916,keyframes_lidar/keyframe_000258.pcd,3588
259,1788254873697508608,1788254873.697508574,map,-8.149185087151993,-1.2127002559134095,0.02184757797483749,-0.0004973106504403721,-0.005422798731711603,-0.7181170423458382,0.695901041404953,keyframes_lidar/keyframe_000259.pcd,3718
260,1788254878797359104,1788254878.797359228,map,-8.148761144136884,-1.2119366838063828,0.021904288652310224,-0.0005055905005627909,-0.005452905289561951,-0.7179245005966669,0.6960994337342729,keyframes_lidar/keyframe_000260.pcd,3727
261,1788254883797517568,1788254883.797517538,map,-8.150857577116637,-1.2137016690044808,0.021488451033073987,-0.0005869959171851864,-0.005311865732409714,-0.7181168141769023,0.6959020625883003,keyframes_lidar/keyframe_000261.pcd,3617
262,1788254888897246464,1788254888.897246361,map,-8.098232730564145,-1.194038763854985,0.020994767191428357,-0.0004757931115872934,-0.005156735097785752,-0.691448952206729,0.7224067609015457,keyframes_lidar/keyframe_000262.pcd,3757
263,1788254893897496320,1788254893.897496223,map,-8.033947552772032,-1.2580533067496529,0.019369248831984178,0.0005407753631969754,-0.004468188511296251,-0.6617413447821487,0.7497187042213551,keyframes_lidar/keyframe_000263.pcd,3674
264,1788254898997027584,1788254898.997027636,map,-8.005224088042382,-1.7276080650020973,0.023012158368252576,0.0002696890610775155,-0.006777497359678627,-0.6824878894898632,0.7308654277615149,keyframes_lidar/keyframe_000264.pcd,3622
265,1788254903997361152,1788254903.997361183,map,-7.960425192095429,-1.8214918542726626,0.02442824400972988,6.83351047379272e-05,-0.007219361597680998,-0.6655285089824202,0.7463375107014736,keyframes_lidar/keyframe_000265.pcd,3626
266,1788254909096801792,1788254909.096801758,map,-7.948676208364954,-1.996995415853684,0.02808163080757063,-0.00020565621158856234,-0.008309379730638005,-0.6700373069829523,0.7422808896671447,keyframes_lidar/keyframe_000266.pcd,3552
267,1788254914096932096,1788254914.096932173,map,-7.9649974485914505,-2.5522825022068902,0.03361815173740348,-0.002299607653643301,-0.009385047132091559,-0.70726464054593,0.7068828480932354,keyframes_lidar/keyframe_000267.pcd,3433
268,1788254918297102336,1788254918.297102451,map,-7.905913165842746,-3.568955021340325,-0.00043865420537288896,0.01144829608909711,0.0004899198150373443,-0.6951993158779088,0.7187256832047391,keyframes_lidar/keyframe_000268.pcd,3319
269,1788254923297594112,1788254923.297594070,map,-7.860338837152372,-4.525583109103815,-0.014602074799171222,0.012248298929978732,-0.006150221312412906,-0.6952754199022398,0.7186127221465637,keyframes_lidar/keyframe_000269.pcd,3247
270,1788254928395939328,1788254928.395939350,map,-7.809594124838357,-5.501416606763628,-0.02267050257775611,0.010310796627845871,-0.009535801889670497,-0.6957372054953063,0.7181591027375496,keyframes_lidar/keyframe_000270.pcd,3362
271,1788254933397518336,1788254933.397518396,map,-7.766533616769147,-6.451803531483295,-0.03047837891336575,0.009974021416589957,-0.008816829777041874,-0.6956415714749938,0.718265679567989,keyframes_lidar/keyframe_000271.pcd,3372
272,1788254938497367552,1788254938.497367620,map,-7.715896247663397,-7.421062543184041,-0.033096328985604655,0.006349454665271809,-0.010047596811693116,-0.6962447866374054,0.7177060173246407,keyframes_lidar/keyframe_000272.pcd,3372
273,1788254943497476096,1788254943.497476101,map,-7.674317741482021,-8.289787685630946,-0.03475414331528892,0.0063856001289158216,-0.011384561452605508,-0.696432357627671,0.7175037192382276,keyframes_lidar/keyframe_000273.pcd,3385
274,1788254948497862912,1788254948.497862816,map,-7.630441295020609,-9.237317491178583,-0.03510342695096194,0.00681530190661531,-0.011040880170715731,-0.6964190617014668,0.7175180423681528,keyframes_lidar/keyframe_000274.pcd,3420
275,1788254953498286848,1788254953.498286963,map,-7.581984704767859,-10.184236534465967,-0.03768896599928018,0.0015759914716135704,-0.00852701797944207,-0.6964969805615094,0.717507325596025,keyframes_lidar/keyframe_000275.pcd,3438
276,1788254958596172800,1788254958.596172810,map,-7.529633611404631,-11.15368444854776,-0.033346624087076594,-0.003182630360479225,-0.006692658367453488,-0.6968309254890546,0.7171971419840104,keyframes_lidar/keyframe_000276.pcd,3331
277,1788254963598307328,1788254963.598307371,map,-7.478047359865896,-12.100082001257245,-0.037235409782326444,-0.00895242059683344,0.00021625270206966228,-0.6971577823071314,0.7168617955846361,keyframes_lidar/keyframe_000277.pcd,3331
278,1788254968696298240,1788254968.696298361,map,-7.433367956828644,-13.067344981991674,-0.03690349721679126,-0.00845569656690851,0.00034090934141625196,-0.6969910818943336,0.7170298576322718,keyframes_lidar/keyframe_000278.pcd,3364
279,1788254973697926912,1788254973.697926998,map,-7.388971562641421,-14.023772058949024,-0.049873910124659956,-0.003021553918878307,0.004605375093702608,-0.696750328104514,0.7172925769993815,keyframes_lidar/keyframe_000279.pcd,3340
280,1788254978797664256,1788254978.797664165,map,-7.345064174056074,-14.99646832089026,-0.0593221005153097,0.002713996207803648,-0.001343371887875051,-0.6963842390450374,0.7176627489191697,keyframes_lidar/keyframe_000280.pcd,3311
281,1788254983897765120,1788254983.897765160,map,-7.301702201767763,-15.964420238875741,-0.0650381545919557,0.004767758516740167,-0.007710840769274951,-0.6959690460172657,0.7180145530552805,keyframes_lidar/keyframe_000281.pcd,3375
282,1788254988996961792,1788254988.996961832,map,-7.262048441675029,-16.940113881872136,-0.07593724445419228,0.008607990360200855,-0.007385549765344795,-0.6966907216313923,0.7172819491311294,keyframes_lidar/keyframe_000282.pcd,3256
283,1788254993997519616,1788254993.997519732,map,-7.213087075012122,-17.889884826948617,-0.08404077557608028,0.002140005963458791,-0.005735034365592058,-0.6971628813590077,0.7168866344203302,keyframes_lidar/keyframe_000283.pcd,3343
284,1788254999097468928,1788254999.097468853,map,-7.166936404590718,-18.856277445266524,-0.07826489665174104,-0.00010599284978862275,-0.010335336872085854,-0.6970547752696964,0.7169433798083148,keyframes_lidar/keyframe_000284.pcd,3364
285,1788255004196578816,1788255004.196578741,map,-7.125212470855839,-19.81835242871958,-0.07003325266945845,0.001686954783239825,-0.012531723517748259,-0.6971803610543421,0.7167842452575051,keyframes_lidar/keyframe_000285.pcd,3296
286,1788255009197520896,1788255009.197520971,map,-7.083239275689747,-20.7671583342244,-0.059458094675642455,0.005095119775002656,-0.01542365117763645,-0.6974776296006846,0.7164224360985907,keyframes_lidar/keyframe_000286.pcd,3317
287,1788255014297386496,1788255014.297386408,map,-7.038080110510008,-21.746191812122596,-0.07477030612122709,0.01141010803097944,-0.010148604638017528,-0.6977086319293458,0.7162188772923422,keyframes_lidar/keyframe_000287.pcd,3272
288,1788255019297434112,1788255019.297434092,map,-6.993350784761918,-22.701477953697893,-0.08507367539656849,0.01278277132734241,-0.008837548361843592,-0.6972254499782267,0.7166834520196517,keyframes_lidar/keyframe_000288.pcd,3245
289,1788255024397321984,1788255024.397321939,map,-6.943319171198205,-23.67491349829963,-0.10363625307220875,0.010504669501089548,-0.006909877434408328,-0.6973635007187168,0.7166073216049713,keyframes_lidar/keyframe_000289.pcd,3171
290,1788255029397625856,1788255029.397625923,map,-6.897655635444276,-24.630455619198564,-0.11537985033683798,0.009003612812886294,-0.007920053854453473,-0.6968840036307897,0.7170836026481011,keyframes_lidar/keyframe_000290.pcd,3022
291,1788255034497371648,1788255034.497371674,map,-6.8719584089580765,-25.149774686161727,-0.11800207349249683,0.00875845250524967,-0.01041110471733126,-0.6966507119470305,0.7172814537906118,keyframes_lidar/keyframe_000291.pcd,2967
292,1788255039597239808,1788255039.597239733,map,-6.8267405270989805,-26.07698088500274,-0.1240868934697032,0.009162515908843443,-0.008719027895091788,-0.6957507660572176,0.7181719142277703,keyframes_lidar/keyframe_000292.pcd,2043
293,1788255044597840896,1788255044.597840786,map,-6.849071091847954,-25.653976483571707,-0.12097057666158079,0.009981303357906077,-0.009375155464443032,-0.6958985697906934,0.7180095128941973,keyframes_lidar/keyframe_000293.pcd,2542
294,1788255049697790464,1788255049.697790384,map,-6.8968682225617775,-24.68098766834816,-0.1155036858450379,0.009501401848798972,-0.008492487276914028,-0.6955090278250231,0.7184043382640799,keyframes_lidar/keyframe_000294.pcd,2951
295,1788255054796957696,1788255054.796957731,map,-6.944806636973958,-23.714090037652145,-0.10485598237958074,0.010579138274771943,-0.007061315724743666,-0.6959139851876723,0.7180124963214854,keyframes_lidar/keyframe_000295.pcd,3130
296,1788255059897342720,1788255059.897342682,map,-6.994833953322612,-22.744632599879438,-0.08802667930804078,0.013378226405443252,-0.008203938643268483,-0.6966093010764876,0.7172790252772694,keyframes_lidar/keyframe_000296.pcd,3223
297,1788255064897454336,1788255064.897454262,map,-7.039960283916886,-21.787334762995826,-0.07474598187181322,0.011972201695219049,-0.010279131750401918,-0.6953506141825101,0.7184974107072571,keyframes_lidar/keyframe_000297.pcd,3257
298,1788255069897649152,1788255069.897649050,map,-7.0873618297357215,-20.8253222332153,-0.06285978039202904,0.006039370551785014,-0.014776565571270136,-0.6957955070347456,0.7180625261796619,keyframes_lidar/keyframe_000298.pcd,3334
299,1788255074997504512,1788255074.997504473,map,-7.127037959837462,-19.85179078989557,-0.07091749878368286,0.0027916268004681845,-0.012943216178262664,-0.6958799887735267,0.7180360166449354,keyframes_lidar/keyframe_000299.pcd,3320
300,1788255080097451776,1788255080.097451687,map,-7.171665789749871,-18.876675724982874,-0.07797162127215057,0.0013677875341666953,-0.010778818225942146,-0.6952163717573046,0.718718402905841,keyframes_lidar/keyframe_000300.pcd,3354
301,1788255085197488896,1788255085.197489023,map,-7.217564528512156,-17.908390087389126,-0.08327961745333007,0.002650033254659783,-0.0061184518690306005,-0.6963416918938053,0.7176794479438214,keyframes_lidar/keyframe_000301.pcd,3399
302,1788255090297257728,1788255090.297257662,map,-7.272493603144736,-16.938968279873826,-0.07994500863447149,0.008907475347093184,-0.006725092726012021,-0.6969928651554186,0.7169911965520971,keyframes_lidar/keyframe_000302.pcd,3308
303,1788255095397275392,1788255095.397275448,map,-7.3182773056903985,-15.962742310786409,-0.06560239468489043,0.007281970551236708,-0.008703618089557318,-0.6954444822751992,0.7184902170593711,keyframes_lidar/keyframe_000303.pcd,3447
304,1788255100496875776,1788255100.496875763,map,-7.358359256972553,-14.992808556927987,-0.06092294078696932,0.005504197225561249,-0.0023098430663131973,-0.6947191022439893,0.7192563780844885,keyframes_lidar/keyframe_000304.pcd,3335
305,1788255105497224448,1788255105.497224569,map,-7.398286552608364,-14.045180809161923,-0.05019312552582195,-0.0004424025256774063,0.003964373644587685,-0.6956832804035387,0.7183375678527351,keyframes_lidar/keyframe_000305.pcd,3386
306,1788255110596872192,1788255110.596872091,map,-7.442544087644582,-13.061976371511388,-0.03706811794023217,-0.007894531076165695,0.0001915661726731768,-0.6959014672637488,0.718093857056061,keyframes_lidar/keyframe_000306.pcd,3387
307,1788255115696817664,1788255115.696817636,map,-7.489073801937549,-12.090937726558424,-0.036290825211864226,-0.008621297254743313,0.00010094839707151541,-0.6964823552096521,0.717522119467186,keyframes_lidar/keyframe_000307.pcd,3334
308,1788255120696959488,1788255120.696959496,map,-7.541794624948634,-11.13603210491992,-0.03411136906189233,-0.0027787291740216037,-0.0064120209562034385,-0.697514607897476,0.7165364864548526,keyframes_lidar/keyframe_000308.pcd,3427
309,1788255125796815360,1788255125.796815395,map,-7.594486288869612,-10.163133427777536,-0.03831637915536083,0.0017065582965270678,-0.008032598717488376,-0.6979649894737899,0.7160847983901605,keyframes_lidar/keyframe_000309.pcd,3409
310,1788255130896642304,1788255130.896642208,map,-7.641609990770757,-9.191348184803052,-0.03598645871106811,0.0071313507928905924,-0.010489322043311763,-0.6979685521032784,0.7160160740051816,keyframes_lidar/keyframe_000310.pcd,3375
311,1788255135896742400,1788255135.896742344,map,-7.683378268575175,-8.239443017055647,-0.035832027394224676,0.006759289159630448,-0.011075584733813811,-0.6977926181215611,0.7161823130515846,keyframes_lidar/keyframe_000311.pcd,3345
312,1788255140897634048,1788255140.897634029,map,-7.722989257904431,-7.284819711768667,-0.03366537532651663,0.00649728349485759,-0.009565654986825009,-0.6973820798865618,0.7166062504646146,keyframes_lidar/keyframe_000312.pcd,3437
313,1788255145997521920,1788255145.997521877,map,-7.770567788952807,-6.322792394594595,-0.029120991281145585,0.010075223317065058,-0.008319315614059209,-0.6967362767964057,0.7172083654411091,keyframes_lidar/keyframe_000313.pcd,3368
314,1788255151097236736,1788255151.097236633,map,-7.817122202897027,-5.352914632057505,-0.02363754025516626,0.010838900033878218,-0.00817621589902363,-0.696343510447634,0.7175802277077415,keyframes_lidar/keyframe_000314.pcd,3319
315,1788255156097618944,1788255156.097618818,map,-7.862966938542005,-4.4011720601713265,-0.01424276733863021,0.012232579213290008,-0.00541377604557575,-0.6956259725379348,0.7182795843996762,keyframes_lidar/keyframe_000315.pcd,3311
316,1788255161197194240,1788255161.197194338,map,-7.911531362079936,-3.4423460253511906,0.0018165742722222392,0.013231538498694984,0.001369041735432844,-0.6937326548448478,0.7201097525485983,keyframes_lidar/keyframe_000316.pcd,3234
317,1788255164897003776,1788255164.897003889,map,-7.96507089503033,-2.435285121381698,0.038962413553932145,-0.0043889500957929265,-0.01319839010368736,-0.6986837448382077,0.715295438482999,keyframes_lidar/keyframe_000317.pcd,3397
318,1788255167897069568,1788255167.897069693,map,-7.99639558749851,-1.4351812898264698,0.023987935572720793,-7.16906570004394e-07,-0.005982559756106622,-0.6981270521226668,0.7159489004620135,keyframes_lidar/keyframe_000318.pcd,3627
319,1788255172897359872,1788255172.897359848,map,-7.937001389057258,-1.3826883631556848,0.0223918916154208,3.509966946245685e-05,-0.005735249091446303,-0.6651871922938059,0.7466546088347382,keyframes_lidar/keyframe_000319.pcd,3668
320,1788255177997074944,1788255177.997074842,map,-8.64912879133906,-1.3451062500438078,0.020131209456483265,0.0012100582810243325,0.004445085926380787,0.9484323711324265,-0.31694607484268855,keyframes_lidar/keyframe_000320.pcd,3593
321,1788255183097061120,1788255183.097061157,map,-9.357309595751994,-1.0405274040505164,0.017337217263972228,0.002419399544654231,0.00486031808695691,0.9997024544832432,-0.023780797171584305,keyframes_lidar/keyframe_000321.pcd,3541
322,1788255186097215488,1788255186.097215414,map,-10.377896307853277,-1.0979955059448965,0.020101147428838742,0.004308925531761684,0.005800354324029738,0.9996917869535412,-0.023751213613483042,keyframes_lidar/keyframe_000322.pcd,3442
323,1788255189096786944,1788255189.096786976,map,-11.399741792768912,-1.174008850240042,0.005222708128197466,-0.002380797782218296,0.0035658040881611733,0.9996722625747251,-0.02523854753853893,keyframes_lidar/keyframe_000323.pcd,3521
324,1788255192097490688,1788255192.097490788,map,-12.41548611978845,-1.253346836783258,-0.008977750259545163,-0.002969471151350855,0.0028535009030372527,0.9996122483770762,-0.027538930048283797,keyframes_lidar/keyframe_000324.pcd,3510
325,1788255195096938752,1788255195.096938848,map,-13.430260666588934,-1.3311989100207282,-0.018927047305116122,-0.0022806118504319606,0.004977116810374002,0.999535154464691,-0.02999170063683985,keyframes_lidar/keyframe_000325.pcd,3611
326,1788255198095919616,1788255198.095919609,map,-14.443313556492223,-1.4095078096565459,-0.020218183972672298,0.0012547431393506517,0.007067650283850678,0.9995100799515126,-0.03046430722075466,keyframes_lidar/keyframe_000326.pcd,3677
327,1788255201097456640,1788255201.097456694,map,-15.461933497503315,-1.5005148696709012,-0.02885520867098982,-0.001510943409426869,0.008691657904051854,0.9993372405929323,-0.03531645079840932,keyframes_lidar/keyframe_000327.pcd,3561
328,1788255204097264384,1788255204.097264290,map,-16.477825257320482,-1.5862024741660432,-0.038301008291299406,-0.0016556260597073123,0.005277718932288356,0.9994570749246852,-0.0324801472936099,keyframes_lidar/keyframe_000328.pcd,3627
329,1788255209195628288,1788255209.195628166,map,-17.44980595976666,-1.672597234959305,-0.04836541347065091,-0.00034961734357642494,0.0032663956181353724,0.9994606130649732,-0.03267554680746588,keyframes_lidar/keyframe_000329.pcd,3483
330,1788255214197551872,1788255214.197551966,map,-18.35506969143831,-1.752301484106284,-0.05362986974849676,7.071573597984267e-05,0.004392777105542849,0.9993346222710494,-0.03620788918129221,keyframes_lidar/keyframe_000330.pcd,3402
331,1788255219295853312,1788255219.295853376,map,-18.39330939904423,-1.7536144814044923,-0.05417502805746904,0.0001181025272391967,0.0042586017492604765,0.999411701027408,-0.034030900846692476,keyframes_lidar/keyframe_000331.pcd,3369
332,1788255224297638144,1788255224.297638178,map,-18.43849776559034,-1.867620747647521,-0.05481987235616548,0.0002490337976850136,0.0051953152583275874,0.993444004550184,-0.11420138573952798,keyframes_lidar/keyframe_000332.pcd,3424
333,1788255229395911424,1788255229.395911455,map,-17.754871254390725,-2.184901719536059,-0.05098847824746645,0.001091899163876023,-0.007598280446981343,-0.7856016812708042,0.6186849539749216,keyframes_lidar/keyframe_000333.pcd,3430
334,1788255234396904960,1788255234.396904945,map,-17.521995791145564,-2.116981479297993,-0.04682902679578603,0.0007855032736977699,-0.007943913528119328,-0.6724527595181683,0.7400969959666539,keyframes_lidar/keyframe_000334.pcd,3487
335,1788255239397064704,1788255239.397064686,map,-17.578460942763822,-2.420205641394588,-0.04899855091482538,0.0010091318989320188,-0.007929195999316721,-0.7092570964273711,0.7049045897644801,keyframes_lidar/keyframe_000335.pcd,3411
336,1788255244497002240,1788255244.497002125,map,-17.612478587547315,-3.375938511530423,-0.044221402517904546,-0.0015097351992933363,-0.008143748756694342,-0.7274536199781054,0.6861068654638038,keyframes_lidar/keyframe_000336.pcd,3328
337,1788255249596787200,1788255249.596787214,map,-17.61864363713148,-3.3950944816104016,-0.045646678817356914,-0.0015051161204132975,-0.008362725590571095,-0.7257670893471196,0.6878880224766026,keyframes_lidar/keyframe_000337.pcd,3387
338,1788255254696820224,1788255254.696820259,map,-17.620978824665567,-3.280692778602927,-0.043469327123431975,-0.0020586507700594407,-0.008870100377461262,-0.7283661038803648,0.6851276537948519,keyframes_lidar/keyframe_000338.pcd,3334
339,1788255259796529920,1788255259.796530008,map,-17.622308092739896,-3.1340540750500905,-0.040317598901905186,-0.0030159745655891452,-0.01045313970959944,-0.7325670462234564,0.680607933067983,keyframes_lidar/keyframe_000339.pcd,3230
340,1788255264797382656,1788255264.797382593,map,-17.619682916403633,-3.136580904696858,-0.04034479779611969,-0.0029611580110177186,-0.01060980727920334,-0.7309900940576969,0.6822991616016038,keyframes_lidar/keyframe_000340.pcd,3258
341,1788255269797478144,1788255269.797478199,map,-17.58166535268509,-2.7874349892065253,-0.04519012273058308,0.00029758243421698275,-0.008775214602338979,-0.70547896814795,0.7086764653593921,keyframes_lidar/keyframe_000341.pcd,3268
342,1788255274897439744,1788255274.897439718,map,-17.629092621030082,-2.0653347062956606,-0.046126677823431154,0.0006755803216886315,-0.009399136870733737,-0.6695266553984061,0.7427282528141353,keyframes_lidar/keyframe_000342.pcd,3489
343,1788255279897505536,1788255279.897505522,map,-17.62971574046529,-2.06695775999702,-0.04686909094944767,0.0008227619198986339,-0.009393115092914583,-0.6693561633891167,0.7428818337963828,keyframes_lidar/keyframe_000343.pcd,3524
344,1788255284997219072,1788255284.997219086,map,-17.55975495744289,-2.027719885387493,-0.046515068652271147,0.0005628461839906378,-0.009003415858296684,-0.6294677144395521,0.7769742712505366,keyframes_lidar/keyframe_000344.pcd,3514
345,1788255289997297408,1788255289.997297287,map,-17.627899625284964,-2.065821023970665,-0.046778721358310536,0.0006085829062612838,-0.009103164355358526,-0.6680277728778472,0.7440804100965359,keyframes_lidar/keyframe_000345.pcd,3504
346,1788255294997460224,1788255294.997460127,map,-17.636136877156524,-2.198573054984339,-0.047102051631565674,0.0015696135847389498,-0.008668345153755612,-0.6801488066293329,0.7330211435874032,keyframes_lidar/keyframe_000346.pcd,3429
347,1788255300097199616,1788255300.097199678,map,-17.60064322306891,-2.541346351287458,-0.05107048817234412,0.001699561518704078,-0.00789893339223155,-0.6784472018251552,0.7346047322727552,keyframes_lidar/keyframe_000347.pcd,3416
348,1788255305197231360,1788255305.197231293,map,-17.618025634840784,-2.552597189749973,-0.05092123849699623,0.0016947989326396408,-0.00792719710944077,-0.6881802071883375,0.7254945138571229,keyframes_lidar/keyframe_000348.pcd,3418
349,1788255310197296384,1788255310.197296381,map,-17.658025791380606,-2.5965505583228032,-0.053242637888041934,0.0017907075307262508,-0.00764664024873618,-0.7085811472396333,0.7055856291308737,keyframes_lidar/keyframe_000349.pcd,3373
350,1788255314097003776,1788255314.097003698,map,-17.57473674035667,-3.6072904392475427,-0.04805448932201566,-0.0008395804672824804,-0.006774140179673866,-0.6917752742719444,0.7220805883247667,keyframes_lidar/keyframe_000350.pcd,3362
351,1788255319197709312,1788255319.197709322,map,-17.537316548901032,-4.582307494273194,-0.06435536714201812,0.006795257936795148,-0.005828330220670988,-0.6973354356125355,0.7166890157351978,keyframes_lidar/keyframe_000351.pcd,3524
352,1788255324297311744,1788255324.297311783,map,-17.497713512209426,-5.553968170160662,-0.06852071104816959,0.005539320954362369,-0.006327074160790656,-0.6982858909593255,0.7157695848127871,keyframes_lidar/keyframe_000352.pcd,3464
353,1788255329297335040,1788255329.297335148,map,-17.451858968162696,-6.512019509078139,-0.0707410052745696,0.00022151547329402234,-0.0029197491866433654,-0.6981991182488084,0.7158976304417892,keyframes_lidar/keyframe_000353.pcd,3565
354,1788255334297491456,1788255334.297491550,map,-17.403351608305698,-7.463454575235501,-0.08106258547574693,-0.002885757262234336,0.0009720753221038187,-0.6976627997475693,0.7164198108113531,keyframes_lidar/keyframe_000354.pcd,3488
355,1788255339397435904,1788255339.397435904,map,-17.35209246929986,-8.43410577595993,-0.08540142470301446,-0.004962825893188889,0.00020194064391352716,-0.6971923977256181,0.7168668566287144,keyframes_lidar/keyframe_000355.pcd,3495
356,1788255344397488896,1788255344.397488832,map,-17.312418811351954,-9.382070905700637,-0.07784625168307943,-0.0018730173056080845,-0.008294932840844963,-0.6967363886986787,0.7172768576766315,keyframes_lidar/keyframe_000356.pcd,3498
357,1788255349497142784,1788255349.497142792,map,-17.26793940819708,-10.34838414288127,-0.06708596662085059,-0.0017797517350789337,-0.011448972470317915,-0.6960403519153854,0.7179091739340306,keyframes_lidar/keyframe_000357.pcd,3548
358,1788255354597213440,1788255354.597213507,map,-17.21880894247714,-11.32415148922655,-0.06623000017066408,0.0017404025473441126,-0.008142418195689883,-0.6955725230076735,0.718407640035683,keyframes_lidar/keyframe_000358.pcd,3536
359,1788255359697060352,1788255359.697060347,map,-17.1660516015531,-12.300685834118779,-0.07063843105679174,-6.124426476739487e-05,-0.004376105584102879,-0.6953643647787078,0.7186440329850108,keyframes_lidar/keyframe_000359.pcd,3437
360,1788255364796910080,1788255364.796910048,map,-17.115635867866906,-13.277957801706,-0.09419973572472913,0.00497780943969055,0.0027564711835124877,-0.6951578522997406,0.7188346010493712,keyframes_lidar/keyframe_000360.pcd,3376
361,1788255369797043200,1788255369.797043085,map,-17.056810329157436,-14.231185704241677,-0.10654700134037334,-0.0007002014338032033,0.0018752305626769106,-0.6944857284388004,0.7195036943776716,keyframes_lidar/keyframe_000361.pcd,3486
362,1788255374896802560,1788255374.896802664,map,-17.00728696501188,-15.199838776574829,-0.10211377334191617,0.0006514659386038022,-0.005112691318900486,-0.6939856245059892,0.7199704083909565,keyframes_lidar/keyframe_000362.pcd,3432
363,1788255379996897792,1788255379.996897697,map,-16.957950746683274,-16.17401761744996,-0.11234213811061383,0.0024128002639843956,-0.002925695703603575,-0.6949176078386688,0.7190793676746109,keyframes_lidar/keyframe_000363.pcd,3471
364,1788255385096750848,1788255385.096750975,map,-16.909156513170856,-17.150131903444144,-0.11660239010408113,0.0011029050360509601,-0.002569895907479897,-0.6954193507175888,0.7185987099091073,keyframes_lidar/keyframe_000364.pcd,3429
365,1788255390196753664,1788255390.196753740,map,-16.85847153976074,-18.102147847580383,-0.1248945419269557,-0.00028196777489551895,-0.0022252468684326996,-0.6956162047289628,0.7184100949242168,keyframes_lidar/keyframe_000365.pcd,3423
366,1788255395296595456,1788255395.296595335,map,-16.80940609131269,-19.076333117288215,-0.13222711481425856,-0.0004864079278280823,-0.000260391341258969,-0.6957783916762912,0.7182563089037441,keyframes_lidar/keyframe_000366.pcd,3324
367,1788255400297440000,1788255400.297440052,map,-16.761579553440512,-20.024913292601138,-0.13447250365096153,-0.0036255025827626073,-0.0019782688839173265,-0.69565679700604,0.7183624175599268,keyframes_lidar/keyframe_000367.pcd,3387
368,1788255405396447488,1788255405.396447420,map,-16.718069098128268,-20.988760537364655,-0.1268003185464264,-0.0018714168790246197,-0.00927081608918252,-0.69594861096639,0.7180293034840972,keyframes_lidar/keyframe_000368.pcd,3279
369,1788255410496462848,1788255410.496462822,map,-16.672660750802724,-21.962650128530903,-0.1243269242434265,0.0036493831391881267,-0.010620050863650785,-0.695871518042574,0.7180784963355196,keyframes_lidar/keyframe_000369.pcd,3273
370,1788255415497142016,1788255415.497142076,map,-16.627562999798037,-22.91391045447511,-0.12347537211471896,0.003918884849078022,-0.010303019284608736,-0.6961167247379125,0.7178439911814559,keyframes_lidar/keyframe_000370.pcd,3199
371,1788255420497270528,1788255420.497270584,map,-16.582087688012503,-23.86997689464105,-0.12688285057804724,0.005552910404687338,-0.008510717456986235,-0.69655267850507,0.71743368957822,keyframes_lidar/keyframe_000371.pcd,3169
372,1788255425497689344,1788255425.497689247,map,-16.532679127930976,-24.820297675298477,-0.13766085261891264,0.0072326104020218164,-0.005145950696719132,-0.6966400284729515,0.7173659312146103,keyframes_lidar/keyframe_000372.pcd,2980
373,1788255430597651712,1788255430.597651720,map,-16.480981767938818,-25.794426168449068,-0.14729100201947615,0.0024269341610675035,-0.0011263595822715775,-0.6967727916426522,0.7172869147915459,keyframes_lidar/keyframe_000373.pcd,2925
374,1788255435697384960,1788255435.697384834,map,-16.441521737192,-26.495579011674447,-0.1599805500401082,0.003732625533780679,0.0003491264825948769,-0.6954510788048025,0.7185636663557102,keyframes_lidar/keyframe_000374.pcd,2253
375,1788255440697408256,1788255440.697408199,map,-16.49301752832901,-25.543500349208436,-0.14877524687824045,0.003494490797389114,-0.0015860853840218795,-0.6952547305630375,0.7187531791212751,keyframes_lidar/keyframe_000375.pcd,2896
376,1788255445797454592,1788255445.797454596,map,-16.548471411743208,-24.568072348800662,-0.13777404860740464,0.0067560541566415435,-0.006243878196877578,-0.6953902216892242,0.7185734543498715,keyframes_lidar/keyframe_000376.pcd,3026
377,1788255450897388288,1788255450.897388220,map,-16.599340714221313,-23.599460915239206,-0.12735464349828668,0.006584216847068311,-0.008222704499516698,-0.6951169072120644,0.7188195326555609,keyframes_lidar/keyframe_000377.pcd,3106
378,1788255455997681920,1788255455.997681856,map,-16.64938894574953,-22.618619243686833,-0.1227131943817387,0.003720440923661963,-0.011474225006860808,-0.6950197481011139,0.7188894561956587,keyframes_lidar/keyframe_000378.pcd,3218
379,1788255461097404672,1788255461.097404718,map,-16.696327580968134,-21.64244552930653,-0.12624240338041612,0.0037005953424027503,-0.01082860413423243,-0.6953955161872581,0.7185360972096481,keyframes_lidar/keyframe_000379.pcd,3309
380,1788255466097409024,1788255466.097409010,map,-16.736904150682978,-20.68944297757741,-0.13073664958274758,-0.0008231400011041131,-0.006745665286912596,-0.693505795468877,0.7204189962039144,keyframes_lidar/keyframe_000380.pcd,3349
381,1788255471197028352,1788255471.197028399,map,-16.781940609299312,-19.716747730853065,-0.13383953818107397,-0.0030780405671354534,-0.001703441873553614,-0.6953581667609448,0.7186547459461384,keyframes_lidar/keyframe_000381.pcd,3371
382,1788255476197378560,1788255476.197378635,map,-16.828498886059286,-18.76438609647831,-0.13085687746734326,0.00013316963366707978,-0.00045655795477127236,-0.695738757136442,0.7182947554026284,keyframes_lidar/keyframe_000382.pcd,3429
383,1788255481297264384,1788255481.297264338,map,-16.878664250592067,-17.795325591239,-0.12521294685314083,0.000971819616682835,-0.0014305322321311908,-0.6947745030824514,0.7192255550317288,keyframes_lidar/keyframe_000383.pcd,3346
384,1788255486397027840,1788255486.397027731,map,-16.927789077941505,-16.821114989428615,-0.11552082157974866,0.0008794285939845647,-0.003427918880827105,-0.6951106805900241,0.7188940239751392,keyframes_lidar/keyframe_000384.pcd,3460
385,1788255491397117184,1788255491.397117138,map,-16.977191988779687,-15.869987432227573,-0.11198074295771474,0.002681642784234135,-0.0024287617227479906,-0.6951214136235861,0.7188832521560224,keyframes_lidar/keyframe_000385.pcd,3505
386,1788255496496756736,1788255496.496756792,map,-17.023251793575568,-14.898250114995598,-0.10213649402610003,0.00038337953584926913,-0.004194422680602383,-0.6936608818435979,0.7202894146372487,keyframes_lidar/keyframe_000386.pcd,3476
387,1788255501596868352,1788255501.596868277,map,-17.072692247985653,-13.929151887908986,-0.10829676224194941,0.0009072560224876989,0.0030687565675256915,-0.6931904374582764,0.720747373936279,keyframes_lidar/keyframe_000387.pcd,3521
388,1788255506696966400,1788255506.696966410,map,-17.130023325338712,-12.96127167553694,-0.08770814426011644,0.0048812506880660895,0.0016367093980642839,-0.6939834300200819,0.7199725643603573,keyframes_lidar/keyframe_000388.pcd,3398
389,1788255511796841984,1788255511.796842098,map,-17.182136516625498,-11.983439294791244,-0.07093303994498146,9.531183297996825e-05,-0.005234304192968079,-0.6942092530591403,0.7197541982804551,keyframes_lidar/keyframe_000389.pcd,3571
390,1788255516796886016,1788255516.796885967,map,-17.2359888551392,-11.024090711088547,-0.06507901844345232,0.0006894254398699493,-0.009721921430028008,-0.6943524777619701,0.7195690693478174,keyframes_lidar/keyframe_000390.pcd,3544
391,1788255521897681408,1788255521.897681475,map,-17.28259819069824,-10.047111240289201,-0.07300238103534482,-0.0008237739216949255,-0.009928826417166074,-0.6937754303118809,0.7201224840942465,keyframes_lidar/keyframe_000391.pcd,3576
392,1788255526997415680,1788255526.997415781,map,-17.3287333118954,-9.07886362643271,-0.08345438093051222,-0.0005898564883883449,-0.006637283889855615,-0.6944127689897419,0.7195460407756324,keyframes_lidar/keyframe_000392.pcd,3438
393,1788255532097476608,1788255532.097476482,map,-17.367340418154416,-8.106182206802254,-0.08660670572939257,-0.004373935208621753,0.0005545461093788401,-0.6958590969910676,0.7181647988478544,keyframes_lidar/keyframe_000393.pcd,3507
394,1788255537197147904,1788255537.197147846,map,-17.419365181976538,-7.140391756422815,-0.08201313699109367,-9.028916218786222e-05,0.00022108721287440985,-0.6970888323577629,0.7169847298028059,keyframes_lidar/keyframe_000394.pcd,3553
395,1788255542197431808,1788255542.197431803,map,-17.46344894080804,-6.187194606202998,-0.0703175804579336,0.00018500872223329461,-0.004200256237762102,-0.6967587326293502,0.7172932399821231,keyframes_lidar/keyframe_000395.pcd,3580
396,1788255547197657088,1788255547.197657108,map,-17.513026825938695,-5.238897345727957,-0.06794155451406682,0.006958468255744563,-0.00617832393878851,-0.6978869243910903,0.7161475049155626,keyframes_lidar/keyframe_000396.pcd,3518
397,1788255552197686784,1788255552.197686672,map,-17.549021817747285,-4.289603854337679,-0.06345113931314703,0.0075162491323321505,-0.00402665006247365,-0.6972112660388781,0.7168149988642258,keyframes_lidar/keyframe_000397.pcd,3440
398,1788255556697444352,1788255556.697444439,map,-17.593462016827115,-3.2842800919719717,-0.04270064818193874,-0.0014835261672468429,-0.009906593679462589,-0.6958612232119363,0.7181064103472193,keyframes_lidar/keyframe_000398.pcd,3262
399,1788255560597252608,1788255560.597252607,map,-17.63991721884185,-2.2740948222372612,-0.04820518767192024,0.0007890511041564684,-0.009323857792310295,-0.6948665613492593,0.7190778156728798,keyframes_lidar/keyframe_000399.pcd,3443
400,1788255565597650176,1788255565.597650290,map,-18.138568810703156,-2.202334148688381,-0.05527056441179423,-0.0008954158914421394,0.00757353431197132,0.8993766733009524,-0.43710804079828913,keyframes_lidar/keyframe_000400.pcd,3355
401,1788255570697351936,1788255570.697351933,map,-18.613531021653174,-1.6960982687499064,-0.05437353761778646,0.000984530362176541,0.0035391012283630726,0.9986913938945621,0.0510098541793461,keyframes_lidar/keyframe_000401.pcd,3413
402,1788255575097392640,1788255575.097392559,map,-19.622969735233937,-1.7659811333936557,-0.07099897262807585,-0.0025959848754311477,0.004976410744607673,0.9999758669117251,0.00409411684880293,keyframes_lidar/keyframe_000402.pcd,3149
403,1788255578097212928,1788255578.097213030,map,-20.637540290453977,-1.7813406310693412,-0.0767568989737337,-0.0011022464601238677,0.0035759357693347874,0.9999901621543038,0.002381875463609421,keyframes_lidar/keyframe_000403.pcd,3068
404,1788255583197352960,1788255583.197352886,map,-21.58272275926724,-1.7890182953253586,-0.08926074743714577,-0.0022664436278633368,0.006042577006358752,0.9999784164633331,0.0012317077124461293,keyframes_lidar/keyframe_000404.pcd,2575
405,1788255588198555136,1788255588.198555231,map,-21.125060094206486,-2.225369256213959,-0.08963021719400172,-0.0025059794251207916,0.0077730743311449765,0.8961561452472613,-0.4436636819913628,keyframes_lidar/keyframe_000405.pcd,3039
406,1788255593296664832,1788255593.296664715,map,-20.545721167206615,-2.1598935210703685,-0.07924899574242619,0.0020452549633175267,-0.008743557364188612,-0.6393826842988046,0.7688362310372798,keyframes_lidar/keyframe_000406.pcd,3379
407,1788255598297370624,1788255598.297370672,map,-20.61040217937192,-1.8180930490042895,-0.07872742456147143,0.0031160744087531294,-0.010546064154139608,-0.6383881105011053,0.7696360769753225,keyframes_lidar/keyframe_000407.pcd,3415
408,1788255603396262912,1788255603.396262884,map,-20.690818035697852,-1.883868905322498,-0.08148528762618956,0.0037108472555787246,-0.010239223323623134,-0.6870376722669853,0.7265401742535215,keyframes_lidar/keyframe_000408.pcd,3350
409,1788255608397312256,1788255608.397312164,map,-20.76117916729368,-2.1108356773115653,-0.08461275876917776,0.0029560448612784345,-0.00912963307969493,-0.7238814336519761,0.6898576531521327,keyframes_lidar/keyframe_000409.pcd,3335
410,1788255613496005632,1788255613.496005535,map,-20.889742605477366,-2.445831253459581,-0.08826357643296617,0.0028341614530352464,-0.007610282036030865,-0.7623354872414126,0.6471310964778221,keyframes_lidar/keyframe_000410.pcd,3194
411,1788255618497308672,1788255618.497308731,map,-20.75573304946754,-2.0125193018837577,-0.0814754243708452,0.0022247044280868707,-0.00937178687860457,-0.6746128375457305,0.7381088942150796,keyframes_lidar/keyframe_000411.pcd,3364
412,1788255623497715968,1788255623.497715950,map,-20.90801302081877,-1.9641227063880495,-0.08717934074352318,0.004000705292669806,-0.009001050496054668,-0.7424363768705429,0.6698441622843855,keyframes_lidar/keyframe_000412.pcd,3256
413,1788255628597999616,1788255628.597999573,map,-20.973711358977056,-2.202848448912947,-0.08948942573581845,0.0028376978422125694,-0.008239366408657274,-0.7681749046756529,0.6401807370881224,keyframes_lidar/keyframe_000413.pcd,3205
414,1788255633696737280,1788255633.696737289,map,-20.816304500697242,-2.6925261666735674,-0.08568350880572592,0.0012100260049664302,-0.007999298316382299,-0.6901024630874324,0.7236664545936697,keyframes_lidar/keyframe_000414.pcd,3245
415,1788255636997940736,1788255636.997940779,map,-20.82811786286077,-3.6913731101876657,-0.07942281535342348,-0.0026517262000425347,-0.00835552848171661,-0.7056461566431959,0.7085101658456552,keyframes_lidar/keyframe_000415.pcd,3117
416,1788255642095597056,1788255642.095597029,map,-20.762841199508863,-4.693275438647192,-0.09567406150997076,-0.000777359414605795,-0.002691123339645584,-0.6977833778844812,0.716303365282919,keyframes_lidar/keyframe_000416.pcd,3184
417,1788255647096790784,1788255647.096790791,map,-20.719357549117298,-5.64285060961915,-0.08473308212056889,-0.0007000884097948319,-0.010006737899192562,-0.6960935978270939,0.7178809637655588,keyframes_lidar/keyframe_000417.pcd,3294
418,1788255652097396992,1788255652.097397089,map,-20.678358434467604,-6.597773155490921,-0.0766960772501635,0.005511680791280595,-0.011877269542490722,-0.6955847052153422,0.7183247661841792,keyframes_lidar/keyframe_000418.pcd,3285
419,1788255657097511680,1788255657.097511768,map,-20.63100124545213,-7.555707478223623,-0.0865560227269308,0.009251756566813416,-0.011310690868354383,-0.6953795275736632,0.7184941098602953,keyframes_lidar/keyframe_000419.pcd,3308
420,1788255662196391936,1788255662.196391821,map,-20.583801348692166,-8.530304937221015,-0.0976523081866806,0.010783577817948963,-0.009460570904583096,-0.6956941180779967,0.7181948942447878,keyframes_lidar/keyframe_000420.pcd,3343
421,1788255667196611584,1788255667.196611643,map,-20.532552546429926,-9.482720414728359,-0.10912405281194815,0.00824613790683809,-0.009912994271001077,-0.6958053953834915,0.7181146047180964,keyframes_lidar/keyframe_000421.pcd,3250
422,1788255672197434112,1788255672.197434187,map,-20.4796837931442,-10.430525975126887,-0.09956374021488346,-0.00024818855438832874,-0.011036809408092605,-0.6951280285254574,0.7188011903154041,keyframes_lidar/keyframe_000422.pcd,3298
423,1788255677297414656,1788255677.297414780,map,-20.42629278815188,-11.407218580562503,-0.10731224086376018,0.00575084970954704,-0.0037388835681032746,-0.6947965380029287,0.7191736363747127,keyframes_lidar/keyframe_000423.pcd,3390
424,1788255682297476096,1788255682.297476053,map,-20.38018222756094,-12.368045522812594,-0.11762642295985429,0.007870931356283677,-0.006560540713388443,-0.6948063757317129,0.7191238474614055,keyframes_lidar/keyframe_000424.pcd,3393
425,1788255687397218816,1788255687.397218943,map,-20.33095740145026,-13.338718249319866,-0.1200238515223764,0.008403181741236566,-0.011300294704886606,-0.6947521314494698,0.7191113722662333,keyframes_lidar/keyframe_000425.pcd,3339
426,1788255692397353728,1788255692.397353649,map,-20.287257232918876,-14.29697615099604,-0.13000928191059447,0.015114600539436357,-0.011937578208475675,-0.6948891312937687,0.7188589140344865,keyframes_lidar/keyframe_000426.pcd,3348
427,1788255697497410304,1788255697.497410297,map,-20.23729193060473,-15.277025712618626,-0.15434633455850685,0.017381357906565868,-0.011502879063672356,-0.6950960955874325,0.7186146325184852,keyframes_lidar/keyframe_000427.pcd,3369
428,1788255702497605888,1788255702.497605801,map,-20.189650103840947,-16.225286606499683,-0.1537495535743707,0.012316776065823746,-0.017254215218624393,-0.6951600172892357,0.7185423713650875,keyframes_lidar/keyframe_000428.pcd,3355
429,1788255707597885952,1788255707.597885847,map,-20.13943787848985,-17.198571554262397,-0.1501813464879414,0.011591077944362906,-0.01521506852717491,-0.6948117131098889,0.7189372934596611,keyframes_lidar/keyframe_000429.pcd,3215
430,1788255712697537536,1788255712.697537422,map,-20.08309891358825,-18.16674922333976,-0.15345455235146016,0.005825960036580657,-0.012098990035260717,-0.6950039158792523,0.7188805391317005,keyframes_lidar/keyframe_000430.pcd,3249
431,1788255717697628160,1788255717.697628260,map,-20.029061341304963,-19.1162431462306,-0.1486346288375022,0.004358085343930263,-0.013454177955064915,-0.6944644598593965,0.7193880080873499,keyframes_lidar/keyframe_000431.pcd,3232
432,1788255722797537280,1788255722.797537327,map,-19.984345285968875,-20.086631451966205,-0.14479521365098547,0.010455780620950563,-0.0182855772764607,-0.694585572596026,0.7191016594729315,keyframes_lidar/keyframe_000432.pcd,3195
433,1788255727897416448,1788255727.897416353,map,-19.931808881013335,-21.062219369413786,-0.16108115446017054,0.013712907962117767,-0.014438204235133615,-0.6939952236732784,0.719704191965257,keyframes_lidar/keyframe_000433.pcd,3181
434,1788255732897558272,1788255732.897558212,map,-19.87037437137341,-22.005506106270463,-0.15601589535226162,0.0002930645031603941,-0.014005778856760093,-0.6936680249161398,0.7201586099469715,keyframes_lidar/keyframe_000434.pcd,3135
435,1788255737897703680,1788255737.897703648,map,-19.80896486905415,-22.957269224295512,-0.14332895196031722,0.0016244950302587021,-0.010753730605887335,-0.6926947243087338,0.7211489008580683,keyframes_lidar/keyframe_000435.pcd,3079
436,1788255742997478400,1788255742.997478485,map,-19.750706641707666,-23.941926162965228,-0.15732707780564079,0.007074074097864276,-0.005360897317421394,-0.692123880997879,0.7217241520193459,keyframes_lidar/keyframe_000436.pcd,3096
437,1788255748097521408,1788255748.097521305,map,-19.693193583667913,-24.91015801933558,-0.16860786001722025,0.008275873955443564,-0.007205660698403682,-0.6918688113678615,0.7219398425219345,keyframes_lidar/keyframe_000437.pcd,2937
438,1788255753197332480,1788255753.197332382,map,-19.661138256918445,-25.515726061192126,-0.16597491248675678,0.009768397870630212,-0.012010969244179714,-0.6917661016311266,0.7219556604494006,keyframes_lidar/keyframe_000438.pcd,2927
